joylashuv;xonalar;maydon;qavat;bino_qavati;narx
Yunusobod;3;57;4;4;52000
Yakkasaroy;2;52;4;5;56000
Chilonzor;2;42;4;4;37000
Chilonzor;3;65;1;4;49500
Chilonzor;3;70;3;5;55000
Chilonzor;1;28;1;4;25500
Chilonzor;1;30;2;4;21200
Yakkasaroy;2;32;5;5;20000
Uchtepa;2;51;3;4;26200
Chilonzor;1;30;1;4;22200
Uchtepa;2;30;2;5;24200
Chilonzor;3;67;2;5;30200
Chilonzor;1;30;2;4;21200
Chilonzor;1;30;2;4;21200
Chilonzor;1;30;2;4;21200
Chilonzor;1;35;1;5;22500
Chilonzor;1;43;4;4;22500
Chilonzor;2;51;2;4;21200
Mirzo Ulugbek;3;65;1;4;32500
Chilonzor;2;51;2;4;22200
Chilonzor;2;51;2;4;24200
Yakkasaroy;4;90;5;5;45000
Chilonzor;4;80;3;4;56000
Yashnobod;2;70;5;5;47000
Mirzo Ulugbek;3;69;1;4;49900
Mirobod;3;80;2;4;76000
Uchtepa;3;96;3;4;65000
Uchtepa;4;76;4;4;47500
Uchtepa;2;45;4;5;30000
Chilonzor;1;27;3;4;32000
Uchtepa;2;65;3;9;44000
Chilonzor;2;64;3;4;56500
Chilonzor;1;42;5;9;35000
Chilonzor;1;26;2;4;23500
Uchtepa;4;76;5;5;60500
Chilonzor;3;80;2;4;68000
Chilonzor;3;72;5;5;41500
Uchtepa;4;100;3;12;55000
Uchtepa;3;65;4;4;44000
Uchtepa;4;80;3;4;52500
Uchtepa;3;72;6;9;43000
Mirobod;2;65;1;4;80000
Yakkasaroy;2;63;1;5;42000
Yakkasaroy;2;48;5;9;23000
Yunusobod;3;70;3;4;47000
Yakkasaroy;3;102;7;12;88784
Uchtepa;4;78;2;4;65000
Chilonzor;4;100;1;4;97000
Chilonzor;1;34;1;4;28500
Chilonzor;2;42;2;4;34500
Uchtepa;4;80;4;5;51000
Uchtepa;3;90;1;12;51000
Chilonzor;2;45;2;4;48000
Chilonzor;3;70;5;5;40000
Chilonzor;4;96;7;9;67000
Uchtepa;4;80;4;5;68000
Uchtepa;2;63;1;4;40500
Uchtepa;2;56;4;5;54000
Uchtepa;2;52;1;4;36000
Uchtepa;3;98;2;4;68000
Chilonzor;3;96;9;9;63000
Shayhontohur;4;93;4;4;63500
Shayhontohur;2;60;9;9;49500
Chilonzor;5;82;4;4;70000
Uchtepa;5;120;9;9;52000
Uchtepa;4;110;3;3;91000
Chilonzor;4;95;2;4;83000
Uchtepa;2;56;1;4;40500
Chilonzor;3;68;3;4;48000
Olmzor;2;57;3;4;42000
Yashnobod;1;46;11;11;19765
Chilonzor;2;45;4;4;34500
Yunusobod;2;40;1;9;40000
Mirzo Ulugbek;3;95;5;5;50000
Yunusobod;2;53;1;9;68000
Olmzor;2;72;4;9;41500
Mirzo Ulugbek;3;65;4;5;41500
Yunusobod;4;82;1;4;86000
Chilonzor;1;42;3;9;25500
Chilonzor;2;54;4;4;31500
Chilonzor;1;42;1;4;26500
Uchtepa;1;20;3;9;14500
Chilonzor;2;45;4;4;45000
Chilonzor;1;46;2;5;30000
Chilonzor;2;50;2;4;34500
Chilonzor;1;36;2;4;27000
Uchtepa;4;80;6;9;59500
Uchtepa;3;72;3;9;48000
Uchtepa;4;78;5;5;47299
Chilonzor;2;46;4;5;37000
Chilonzor;2;60;2;4;38000
Olmzor;2;58;5;9;29500
Chilonzor;2;70;2;7;56000
Yakkasaroy;2;68;6;9;45000
Uchtepa;4;100;3;5;61500
Chilonzor;3;68;5;5;46500
Uchtepa;3;70;4;12;51000
Chilonzor;3;90;5;9;58400
Chilonzor;3;60;5;5;47000
Uchtepa;4;80;5;5;52500
Uchtepa;3;74;3;5;50000
Chilonzor;2;48;2;5;41500
Chilonzor;4;94;9;9;45000
Uchtepa;3;65;4;9;47500
Chilonzor;4;85;3;4;52500
Uchtepa;1;42;5;5;26000
Chilonzor;4;110;3;4;105000
Uchtepa;3;70;4;4;42000
Chilonzor;3;68;2;5;53500
Yakkasaroy;2;48;5;9;23000
Yashnobod;1;20;3;3;12500
Mirobod;3;110;4;7;107000
Chilonzor;2;46;3;4;35000
Chilonzor;4;125;5;5;70000
Mirzo Ulugbek;2;72;18;19;55000
Mirzo Ulugbek;2;64,67;7;9;39414
Yunusobod;2;70;4;9;60000
Yunusobod;1;50;7;9;37000
Mirzo Ulugbek;2;51;2;4;49000
Mirzo Ulugbek;1;22;1;2;18000
Chilonzor;2;54;1;4;42500
Chilonzor;1;30;3;5;34500
Chilonzor;1;42;5;9;37000
Yakkasaroy;3;70;2;4;70000
Shayhontohur;3;68;2;4;45800
Chilonzor;1;30;4;4;24000
Uchtepa;1;52;1;4;58000
Chilonzor;4;72;4;4;55500
Chilonzor;4;76;2;4;68000
Uchtepa;2;48;4;4;31000
Chilonzor;2;66;3;9;47000
Chilonzor;3;60;3;5;47000
Chilonzor;2;37;1;4;41000
Mirzo Ulugbek;1;40;3;4;24000
Yunusobod;2;61;1;4;55000
Chilonzor;1;32;2;4;28500
Chilonzor;3;65;4;4;42000
Uchtepa;3;66;2;5;67000
Chilonzor;3;70;4;4;46500
Chilonzor;3;66;4;4;50500
Uchtepa;3;65;1;4;40000
Yashnobod;1;37;5;8;13071
Mirzo Ulugbek;2;69,65;4;9;45188
Uchtepa;4;88;4;5;53000
Yakkasaroy;1;38;2;5;25600
Mirobod;2;61;6;9;52000
Mirzo Ulugbek;2;45;3;7;44000
Sergeli;3;69;2;9;40000
Mirzo Ulugbek;2;55,13;5;9;35226
Chilonzor;3;67;4;4;54000
Shayhontohur;1;38;5;5;22500
Mirzo Ulugbek;2;67;2;4;36500
Yakkasaroy;2;54;4;9;40000
Chilonzor;2;58;1;9;35000
Mirobod;4;100;5;8;142000
Chilonzor;4;90;4;5;52000
Olmzor;3;91;3;3;85000
Shayhontohur;4;111;7;8;110000
Sergeli;2;54;6;7;36000
Yashnobod;3;69;5;5;52000
Yunusobod;5;107;5;5;50000
Mirzo Ulugbek;3;80;2;5;55000
Yunusobod;2;63;5;9;42000
Mirobod;3;74;5;16;69000
Yashnobod;2;58;5;5;28900
Mirzo Ulugbek;2;62;9;9;34000
Mirzo Ulugbek;3;107;2;8;85000
Olmzor;1;40,41;2;4;25000
Chilonzor;2;54;2;4;39000
Mirzo Ulugbek;1;40;1;4;60000
Mirzo Ulugbek;2;50;1;5;36500
Yashnobod;3;75;5;9;42000
Mirzo Ulugbek;3;84;7;8;85000
Mirzo Ulugbek;3;117;2;5;125000
Mirzo Ulugbek;3;70;5;5;37000
Mirzo Ulugbek;1;47;2;9;42000
Chilonzor;2;56;2;5;36000
Chilonzor;1;42;3;9;28000
Chilonzor;2;60;5;9;34000
Chilonzor;1;32;2;5;28500
Chilonzor;1;42;2;5;28500
Chilonzor;2;60;2;9;34500
Chilonzor;2;54;1;4;34500
Chilonzor;1;42;1;5;25500
Chilonzor;2;60;2;9;43500
Mirobod;2;72;7;9;63000
Yashnobod;3;80;1;4;39999
Chilonzor;1;33;2;4;24500
Yunusobod;2;61;3;5;41000
Mirzo Ulugbek;4;187;2;5;210000
Mirzo Ulugbek;2;63;5;5;36000
Olmzor;2;60;5;5;34000
Chilonzor;1;29;2;4;23000
Mirzo Ulugbek;2;63;5;5;36000
Uchtepa;2;48;4;5;28500
Chilonzor;2;45;4;4;47000
Olmzor;4;122;5;5;95000
Yunusobod;1;42;2;4;44000
Mirzo Ulugbek;2;50;1;4;45000
Mirzo Ulugbek;5;100;4;4;48000
Mirzo Ulugbek;2;60;4;4;32000
Yakkasaroy;2;50;2;4;47000
Mirzo Ulugbek;3;78;5;9;70500
Yakkasaroy;4;164;5;6;170000
Mirzo Ulugbek;2;60;3;5;30500
Chilonzor;1;42;2;4;26000
Chilonzor;3;70;4;4;37500
Chilonzor;1;35;1;5;26500
Chilonzor;2;47;2;4;32000
Chilonzor;1;36;2;5;26500
Chilonzor;2;50;2;5;34500
Chilonzor;2;52;2;4;36500
Yashnobod;2;46;2;4;24500
Chilonzor;3;92;3;9;42500
Chilonzor;3;70;1;4;46000
Yunusobod;3;70;2;4;38500
Mirzo Ulugbek;2;60;7;8;36000
Mirzo Ulugbek;2;55;3;5;35000
Mirzo Ulugbek;2;63;4;9;55500
Yakkasaroy;2;89;4;12;81772
Yakkasaroy;1;55;1;12;50533
Mirzo Ulugbek;3;100;2;6;119000
Mirzo Ulugbek;4;208;2;3;93000
Chilonzor;1;35;1;4;23800
Chilonzor;2;44;3;4;32900
Yangihayot;2;61;3;7;36000
Yashnobod;4;100;2;9;65000
Chilonzor;1;35;1;4;29800
Mirzo Ulugbek;4;86;3;5;63000
Mirzo Ulugbek;3;100;1;5;80000
Olmzor;5;110;5;5;63500
Mirobod;3;75;6;9;110000
Olmzor;3;70;1;5;62000
Shayhontohur;3;70;4;5;36999
Yakkasaroy;3;150;3;6;170000
Sergeli;2;56,1;7;7;37000
Yunusobod;4;83;3;5;54000
Uchtepa;2;49;4;4;23000
Chilonzor;2;46;2;4;38500
Chilonzor;2;46;4;4;36200
Chilonzor;3;68;4;4;45000
Chilonzor;3;65;1;5;45000
Chilonzor;4;76;4;4;43000
Chilonzor;1;42;2;5;26000
Chilonzor;2;55;1;4;67000
Chilonzor;4;76;5;5;45500
Chilonzor;2;49;2;6;47000
Chilonzor;4;80;2;4;70000
Chilonzor;5;142;5;5;120000
Chilonzor;3;60;3;4;44000
Mirzo Ulugbek;3;72;4;5;47000
Mirobod;4;115;6;9;84000
Yashnobod;4;100;2;3;77000
Mirzo Ulugbek;2;63;5;5;35000
Mirzo Ulugbek;3;66;3;5;56000
Mirzo Ulugbek;3;70;5;5;46500
Mirzo Ulugbek;3;62;5;5;35000
Chilonzor;2;50;1;4;34000
Yunusobod;3;78;4;4;56000
Mirobod;2;62;2;9;63000
Mirobod;8;350;2;12;260000
Yashnobod;3;63;4;4;40000
Mirzo Ulugbek;4;91;1;5;75000
Shayhontohur;3;81;6;9;54900
Mirzo Ulugbek;4;86;3;4;42000
Mirzo Ulugbek;2;54;3;5;54500
Mirobod;3;90;3;5;105000
Mirzo Ulugbek;2;40;2;5;37000
Yunusobod;1;45;5;5;24000
Olmzor;3;89,55;7;9;40000
Mirzo Ulugbek;4;92;3;5;67000
Mirzo Ulugbek;4;95;1;4;77000
Mirzo Ulugbek;4;102;4;9;65000
Olmzor;2;65;5;9;31300
Mirzo Ulugbek;2;62;5;5;33500
Olmzor;2;56;3;5;38500
Mirzo Ulugbek;2;59;2;8;41500
Chilonzor;3;96;6;9;64500
Yashnobod;1;37;4;8;13075
Yakkasaroy;2;70;8;9;48000
Mirobod;2;78;4;8;77000
Yakkasaroy;4;145;7;8;115000
Mirzo Ulugbek;3;100;2;5;128000
Yashnobod;2;54;4;4;33000
Mirobod;3;70;2;4;66000
Yakkasaroy;5;116;3;5;80000
Chilonzor;3;72;8;9;37700
Shayhontohur;1;70;6;7;60000
Mirzo Ulugbek;2;60;9;9;28500
Chilonzor;2;52;4;5;38000
Yakkasaroy;3;95;7;8;65000
Chilonzor;2;44;1;4;38000
Chilonzor;2;42;3;4;36500
Chilonzor;2;43;2;4;36500
Chilonzor;3;77;5;5;95000
Chilonzor;1;24;3;4;20000
Chilonzor;1;30;1;4;26000
Chilonzor;2;41;1;4;36000
Yunusobod;2;46;2;4;36000
Chilonzor;2;42;2;4;36500
Yunusobod;2;51;3;4;45000
Uchtepa;3;62;5;5;33500
Yashnobod;1;50;5;12;25000
Yunusobod;4;107;6;9;75500
Yunusobod;5;255;1;8;270000
Yunusobod;6;266;1;8;285000
Olmzor;1;38;6;9;27500
Yakkasaroy;4;210;4;8;265000
Yakkasaroy;4;110;7;9;75000
Olmzor;2;55,62;5;9;31000
Sergeli;2;66;8;9;31507
Yakkasaroy;2;53;3;5;54000
Olmzor;4;119;2;5;110000
Mirzo Ulugbek;2;56;1;4;35000
Mirzo Ulugbek;3;68;4;4;24000
Mirobod;3;125;7;12;129999
Yakkasaroy;4;140;8;10;105000
Yakkasaroy;4;141;7;7;95000
Uchtepa;4;74;4;4;47500
Mirzo Ulugbek;2;63;5;5;34997
Uchtepa;2;41;4;4;32000
Mirobod;2;52;3;5;37000
Chilonzor;3;68;3;4;39000
Mirobod;4;110;1;4;63500
Mirzo Ulugbek;2;60;6;9;35500
Chilonzor;1;54;9;9;35000
Mirzo Ulugbek;2;60;5;5;35000
Chilonzor;2;46;3;4;37500
Chilonzor;4;94;4;5;73000
Chilonzor;2;58;1;9;40000
Mirzo Ulugbek;4;92;3;5;62000
Chilonzor;3;70;3;4;55000
Chilonzor;2;42;4;4;37400
Chilonzor;2;42;4;4;35800
Chilonzor;2;75;4;12;60000
Yunusobod;3;72;1;9;100000
Uchtepa;3;85;7;9;52500
Yunusobod;2;65;5;9;44000
Chilonzor;2;65;9;9;56600
Chilonzor;2;46;3;4;42000
Mirzo Ulugbek;2;60,94;9;9;36542
Mirobod;4;165;1;8;264999
Mirobod;4;215;5;8;259999
Yashnobod;2;59;4;4;26500
Mirzo Ulugbek;2;66,82;5;7;65000
Chilonzor;5;98;5;9;70000
Mirzo Ulugbek;2;48;1;4;34499
Uchtepa;3;92;8;9;46000
Mirobod;4;128;1;7;87000
Mirobod;2;56;2;5;37500
Yashnobod;1;45;1;5;36500
Chilonzor;3;70;2;4;48000
Uchtepa;2;56;2;5;37500
Mirzo Ulugbek;4;95;1;5;78000
Mirobod;2;100;8;9;150000
Mirzo Ulugbek;4;97;5;5;80000
Mirzo Ulugbek;4;130;4;9;98500
Yunusobod;3;67;4;4;42000
Mirzo Ulugbek;4;95;5;5;50000
Yunusobod;2;62;4;9;55000
Yakkasaroy;3;75;10;16;70000
Yakkasaroy;3;70;6;6;81999
Yashnobod;2;59;2;7;22534
Yunusobod;2;55;1;9;43000
Yunusobod;2;59;5;5;37000
Chilonzor;2;44;4;4;29500
Shayhontohur;2;30;3;3;38500
Yakkasaroy;2;56;2;5;38000
Uchtepa;3;60;4;4;40000
Mirobod;2;70;3;4;83000
Mirzo Ulugbek;2;64;4;5;34500
Chilonzor;3;100;1;12;57000
Chilonzor;3;68;2;4;50000
Yunusobod;4;115;3;9;64000
Mirzo Ulugbek;2;60;4;4;34000
Mirzo Ulugbek;5;100;4;4;48000
Mirzo Ulugbek;2;50;2;4;32500
Mirobod;3;105;7;9;125000
Mirzo Ulugbek;2;70;4;7;87000
Mirzo Ulugbek;5;137;3;7;105000
Yashnobod;1;36;4;9;26000
Yakkasaroy;2;52;1;3;55000
Yangihayot;2;47,14;4;4;28000
Chilonzor;3;65;1;5;45000
Mirzo Ulugbek;4;130;6;9;115000
Mirzo Ulugbek;4;110;4;6;125000
Yakkasaroy;2;61;2;9;53000
Mirobod;2;40;1;1;23500
Yakkasaroy;3;75;7;9;62000
Chilonzor;2;54;4;4;37500
Yunusobod;2;64;3;4;54962
Chilonzor;1;30;3;4;31000
Chilonzor;3;68;4;4;46500
Yunusobod;2;50;1;4;38000
Mirobod;2;44;6;9;60000
Mirzo Ulugbek;1;35;2;2;20600
Yakkasaroy;3;70;4;5;68500
Mirzo Ulugbek;1;46;1;5;33000
Mirzo Ulugbek;3;71;4;4;40200
Chilonzor;1;50;5;5;21500
Yakkasaroy;1;43;6;16;34000
Yunusobod;2;60;9;9;32000
Yunusobod;2;60;1;4;31999
Yunusobod;2;57;4;4;32000
Yunusobod;3;75;4;9;80000
Yunusobod;2;62;4;4;33000
Yakkasaroy;2;43;6;16;34000
Chilonzor;2;48;1;4;34000
Yunusobod;3;70;1;9;68000
Yunusobod;2;54;2;4;33000
Yunusobod;2;50;4;4;33500
Yunusobod;2;50;2;4;33500
Chilonzor;2;60;2;9;36000
Chilonzor;2;60;1;9;41500
Chilonzor;2;68;1;4;41000
Chilonzor;2;50;1;5;34500
Chilonzor;2;50;4;4;32500
Chilonzor;2;60;4;5;38000
Yunusobod;4;122;8;9;134000
Yakkasaroy;3;88;5;5;45500
Yakkasaroy;4;118;8;12;102711
Yunusobod;2;55;1;3;42500
Yunusobod;2;60;4;4;34000
Yakkasaroy;2;47;4;4;47500
Yunusobod;2;78;1;9;34000
Yakkasaroy;2;62;8;9;42000
Yunusobod;2;50;4;4;34000
Yunusobod;2;60;4;4;34000
Yunusobod;2;60;3;4;34500
Yunusobod;2;78;1;9;33998
Yunusobod;2;50;4;4;34000
Yunusobod;2;60;4;4;34000
Yashnobod;3;75;5;9;64700
Yunusobod;4;82;1;4;85500
Chilonzor;1;36;1;5;25500
Chilonzor;1;36;2;5;28500
Chilonzor;1;42;4;4;28000
Chilonzor;1;46;2;5;31500
Chilonzor;2;50;1;5;36000
Yakkasaroy;3;75;5;9;55000
Chilonzor;3;75;9;9;60000
Yunusobod;2;64;5;9;37000
Yakkasaroy;2;60;4;9;47000
Yunusobod;4;90;4;4;53000
Mirzo Ulugbek;4;86;3;5;50000
Mirzo Ulugbek;3;72;1;4;46000
Uchtepa;5;105;7;9;85000
Yakkasaroy;1;34;2;4;29000
Mirzo Ulugbek;1;28;1;4;21500
Chilonzor;2;47;4;4;35500
Chilonzor;2;42;1;4;39600
Chilonzor;3;110;2;8;160000
Mirobod;1;40;2;9;42000
Chilonzor;2;50;4;4;40500
Chilonzor;1;29;4;4;24500
Chilonzor;2;42;4;4;34000
Chilonzor;2;42;3;4;36999
Chilonzor;3;65;4;5;30000
Yunusobod;3;65;3;5;45000
Chilonzor;2;45;3;5;26000
Mirzo Ulugbek;4;90;3;4;133000
Mirzo Ulugbek;4;86;4;5;60000
Mirzo Ulugbek;2;40;4;4;34000
Chilonzor;1;35;2;4;20000
Olmzor;5;100;1;4;71000
Yakkasaroy;2;78;4;8;100000
Yakkasaroy;1;20;2;4;14500
Olmzor;2;40;3;4;27500
Shayhontohur;3;75;2;4;55000
Mirobod;3;90;7;9;92000
Mirzo Ulugbek;2;137;2;6;125000
Mirobod;4;152;4;9;140000
Mirobod;3;90;3;5;105000
Yakkasaroy;2;55;3;4;41000
Mirzo Ulugbek;3;90;2;9;51000
Chilonzor;2;48;3;4;43000
Mirzo Ulugbek;3;78;5;5;39000
Yakkasaroy;1;38;2;5;25600
Chilonzor;3;70;3;5;68000
Mirzo Ulugbek;2;50;1;4;30000
Chilonzor;2;55;4;4;39000
Chilonzor;4;90;5;9;50000
Chilonzor;1;37;1;4;25500
Mirzo Ulugbek;3;80;3;4;120000
Chilonzor;4;105;7;9;95000
Uchtepa;1;45;5;9;27000
Chilonzor;2;42;1;4;36800
Mirzo Ulugbek;2;40;1;3;26000
Chilonzor;1;29;2;4;24200
Uchtepa;3;72;5;5;45000
Mirzo Ulugbek;2;40;5;5;31500
Yunusobod;3;78;4;4;55000
Chilonzor;3;70;4;5;32000
Chilonzor;3;74;5;9;74000
Chilonzor;2;55;3;4;26000
Mirzo Ulugbek;2;60;6;9;34000
Yakkasaroy;1;33;2;4;22000
Mirzo Ulugbek;2;60;1;5;46000
Mirzo Ulugbek;2;58;2;9;42000
Chilonzor;3;68;2;4;61000
Chilonzor;3;67;2;4;47000
Mirzo Ulugbek;2;77;4;4;65000
Olmzor;2;50;2;4;30000
Yangihayot;2;57;3;7;35000
Mirzo Ulugbek;3;70;4;4;44998
Yunusobod;2;60;7;9;35000
Yunusobod;2;57;4;9;36000
Yunusobod;2;57;4;9;35999
Yunusobod;2;58;2;5;36500
Yunusobod;2;68;9;9;36500
Mirzo Ulugbek;3;70;5;5;47000
Mirzo Ulugbek;3;97;9;9;55290
Mirzo Ulugbek;2;67;9;9;38190
Mirzo Ulugbek;2;56;3;5;32000
Uchtepa;2;42;4;5;28500
Mirzo Ulugbek;2;60;8;9;40000
Yakkasaroy;2;86;6;8;75000
Chilonzor;1;30;2;4;20200
Chilonzor;2;51;2;4;23200
Shayhontohur;3;90;4;9;105000
Uchtepa;1;30;2;4;20200
Chilonzor;2;51;3;5;24200
Chilonzor;3;64;2;5;35200
Chilonzor;2;51;2;4;25200
Chilonzor;1;30;2;4;22200
Chilonzor;2;51;3;4;26200
Yunusobod;2;50;3;4;36500
Yashnobod;2;66;1;5;28000
Yunusobod;2;56;4;4;37000
Yunusobod;2;57;3;9;37000
Yashnobod;1;40;5;8;13700
Yunusobod;2;71;4;5;38000
Yunusobod;2;58;3;5;38000
Olmzor;4;125;1;3;80000
Mirobod;2;40;1;1;22500
Yakkasaroy;2;60;4;4;45500
Mirzo Ulugbek;4;92;4;5;52000
Yunusobod;2;54;1;4;38500
Mirzo Ulugbek;4;91;3;5;50000
Yashnobod;1;21;3;4;14700
Uchtepa;3;72;1;9;44300
Yunusobod;2;48;3;4;38999
Shayhontohur;3;104;3;9;60000
Yashnobod;2;65;6;9;53000
Yashnobod;2;65;5;5;64999
Mirzo Ulugbek;2;62;5;5;36500
Mirzo Ulugbek;2;50;5;5;35000
Olmzor;4;86;5;5;55000
Yunusobod;2;50;4;4;33500
Mirzo Ulugbek;2;56;2;4;37000
Yakkasaroy;4;180;8;8;235000
Mirzo Ulugbek;2;60;2;5;38200
Chilonzor;3;84;2;5;46000
Mirzo Ulugbek;2;62;4;4;38500
Yunusobod;2;56;4;5;39000
Yangihayot;4;96;9;9;34500
Yunusobod;2;63;2;5;39999
Uchtepa;5;109;7;9;65000
Mirzo Ulugbek;3;100;2;5;128000
Yunusobod;2;49;1;4;40000
Uchtepa;2;47;4;4;30500
Mirobod;3;90;6;9;87000
Yakkasaroy;4;95;4;4;79500
Chilonzor;4;100;7;9;65000
Yunusobod;2;50;1;4;41000
Uchtepa;3;80;3;5;60000
Yunusobod;3;82;4;4;42000
Uchtepa;2;52;5;5;30000
Yakkasaroy;2;55;2;4;65000
Uchtepa;4;80;5;5;62000
Chilonzor;3;57;1;4;44000
Chilonzor;2;50;6;8;38999
Uchtepa;2;59;9;9;27000
Yashnobod;2;60;1;6;30000
Mirzo Ulugbek;5;140;3;8;98000
Mirobod;4;164;3;7;120000
Mirzo Ulugbek;5;135;1;9;82000
Shayhontohur;3;75;8;9;49000
Mirzo Ulugbek;3;70;4;5;45000
Chilonzor;3;70;5;5;41000
Mirobod;2;52;2;4;50000
Mirzo Ulugbek;2;50;4;4;28700
Chilonzor;3;72;6;9;54000
Mirzo Ulugbek;2;60;6;6;34000
Yunusobod;2;60;3;4;41500
Yunusobod;2;60;3;4;41500
Chilonzor;3;73;4;12;60000
Mirobod;2;65;4;9;80000
Yunusobod;3;110;5;8;335000
Yakkasaroy;3;80;2;10;124999
Mirobod;3;120;2;7;164500
Olmzor;3;75;4;9;62000
Mirzo Ulugbek;2;60;4;4;34000
Chilonzor;3;72;5;9;43000
Mirzo Ulugbek;2;62;6;9;35500
Mirzo Ulugbek;3;91;3;5;51000
Chilonzor;3;72;4;4;43000
Mirzo Ulugbek;3;95;5;5;50000
Mirzo Ulugbek;2;43;4;4;28500
Mirzo Ulugbek;5;100;4;4;48000
Chilonzor;3;90;1;9;65000
Mirzo Ulugbek;2;45;1;4;36000
Chilonzor;2;58;5;9;43500
Mirzo Ulugbek;2;60;8;9;38000
Uchtepa;3;71;2;4;45000
Yakkasaroy;3;80;4;5;56000
Chilonzor;2;64;3;4;37500
Mirzo Ulugbek;2;43;1;4;30500
Yunusobod;2;50;4;4;33500
Mirzo Ulugbek;2;44;3;4;31000
Chilonzor;3;78;2;9;63000
Mirzo Ulugbek;2;55;5;5;35000
Yakkasaroy;1;39;2;5;26000
Chilonzor;3;70;3;4;46000
Mirzo Ulugbek;2;50;5;5;35000
Yakkasaroy;2;63;1;5;41500
Mirzo Ulugbek;2;42;2;5;33500
Chilonzor;2;58;6;9;28000
Yunusobod;2;50;2;5;30500
Yashnobod;3;39,11;2;2;31000
Chilonzor;4;96;3;9;56000
Mirobod;3;75;2;6;80000
Chilonzor;3;94;4;4;46000
Chilonzor;2;50;3;4;44200
Chilonzor;2;52;3;4;41500
Olmzor;3;80;1;4;80000
Mirzo Ulugbek;4;80;5;5;47000
Mirzo Ulugbek;4;95;5;5;46000
Chilonzor;3;65;3;4;47000
Chilonzor;4;105;4;9;90000
Chilonzor;5;157;7;9;140000
Mirzo Ulugbek;3;90;2;5;44000
Uchtepa;4;100;1;4;75000
Chilonzor;3;80;9;9;35000
Yakkasaroy;4;112;4;5;146500
Mirobod;4;165;2;4;210000
Chilonzor;2;64;4;9;40000
Uchtepa;3;80;10;12;40000
Uchtepa;2;56;4;4;31000
Yakkasaroy;3;93,22;5;8;98000
Uchtepa;4;100;7;9;54000
Mirzo Ulugbek;2;47;4;4;29996
Mirzo Ulugbek;2;60;3;5;31000
Shayhontohur;2;47;7;9;27000
Uchtepa;4;98;1;9;85000
Yunusobod;4;90;9;9;62000
Chilonzor;1;33;1;4;26800
Chilonzor;1;33;3;4;24700
Chilonzor;2;42;1;4;37500
Uchtepa;2;40;4;5;28000
Shayhontohur;1;41;4;6;23542
Mirzo Ulugbek;2;59;3;5;43000
Uchtepa;2;42;4;5;28500
Uchtepa;3;70;3;5;59000
Mirzo Ulugbek;2;60;6;9;34000
Yunusobod;2;58;5;9;42000
Yunusobod;2;62;1;4;42000
Yunusobod;2;60;4;4;42000
Yunusobod;2;60;5;9;42000
Yunusobod;2;54;2;4;42000
Yunusobod;2;50;2;4;43000
Yunusobod;2;62;4;9;44000
Mirzo Ulugbek;3;105;3;6;126000
Yunusobod;2;62;7;9;44000
Mirzo Ulugbek;3;86;5;6;103000
Yunusobod;2;60;3;5;44000
Uchtepa;4;109;5;9;55000
Yunusobod;3;78;4;4;55000
Uchtepa;3;90;5;9;85000
Mirzo Ulugbek;3;75;8;9;56000
Yunusobod;5;140;5;9;102000
Mirobod;4;96;7;9;86000
Sergeli;4;106;6;9;41000
Mirzo Ulugbek;4;110;7;16;82500
Yakkasaroy;1;30;2;4;21000
Shayhontohur;3;70;1;4;56000
Sergeli;3;80;2;5;45000
Mirzo Ulugbek;2;50;1;4;30000
Mirzo Ulugbek;3;80;5;5;39000
Uchtepa;4;80;3;5;52500
Mirzo Ulugbek;3;90;2;9;51000
Chilonzor;5;105;7;9;78500
Yunusobod;4;100;3;5;85000
Mirobod;4;100;9;9;70000
Shayhontohur;4;94;5;5;65000
Uchtepa;2;72;5;12;40000
Yakkasaroy;2;48;5;9;23000
Chilonzor;3;73;4;9;75000
Shayhontohur;3;75;10;12;50000
Mirobod;4;96;7;9;96000
Mirzo Ulugbek;2;59;4;5;38500
Olmzor;1;33;3;4;33500
Mirobod;2;60;2;9;60000
Mirzo Ulugbek;2;70;3;6;85000
Yunusobod;2;62;2;5;49000
Mirzo Ulugbek;4;214;2;8;380000
Mirzo Ulugbek;2;60;4;4;32000
Yunusobod;2;83;3;5;50000
Yunusobod;2;77;4;9;52000
Yunusobod;2;68;6;9;56000
Mirzo Ulugbek;2;60;3;5;30500
Mirzo Ulugbek;3;66;3;5;56000
Yunusobod;2;58;1;4;56000
Mirzo Ulugbek;3;70;5;5;46500
Yunusobod;2;58;1;5;58000
Mirzo Ulugbek;3;62;5;5;35000
Yunusobod;2;60;7;8;59500
Yunusobod;2;74;3;4;63000
Yunusobod;3;78;4;4;56000
Shayhontohur;1;28;2;2;21000
Yunusobod;1;44;2;5;59999
Yashnobod;3;93;4;7;46500
Uchtepa;3;70;4;5;55000
Mirobod;4;112;11;12;85500
Uchtepa;3;70;4;4;31800
Olmzor;3;70;5;5;34600
Mirobod;4;100;8;9;160000
Sergeli;4;100;1;9;76000
Olmzor;2;56;4;4;32500
Uchtepa;2;60;4;4;29900
Yunusobod;3;70;3;9;64000
Mirobod;3;112;4;5;80000
Mirzo Ulugbek;5;100;5;9;80000
Mirobod;5;235;6;8;395000
Yashnobod;2;58;2;4;37000
Chilonzor;2;52;4;4;32000
Yashnobod;2;62;9;9;34000
Mirzo Ulugbek;1;16;1;4;18000
Yashnobod;3;67;4;4;39000
Mirobod;5;300;3;8;425000
Olmzor;4;92;3;5;63000
Yashnobod;3;67;4;4;39000
Yashnobod;3;67;4;4;39000
Mirzo Ulugbek;1;16;1;4;18000
Yakkasaroy;1;45;3;4;40000
Yashnobod;2;30;7;9;20900
Mirobod;4;180;6;8;235000
Yakkasaroy;2;60;4;9;50000
Yakkasaroy;6;142;1;9;135000
Mirobod;3;85;3;9;86000
Mirzo Ulugbek;2;65;1;4;67000
Uchtepa;4;80;1;5;55000
Mirzo Ulugbek;2;50;2;5;35000
Olmzor;2;55;2;5;41000
Shayhontohur;3;70;2;9;52000
Yunusobod;4;104;6;9;74000
Mirzo Ulugbek;3;70;7;9;55000
Yakkasaroy;1;44;2;9;27000
Mirzo Ulugbek;1;30;1;2;19500
Olmzor;4;150;5;6;95000
Mirzo Ulugbek;2;60;4;4;31992
Mirzo Ulugbek;3;70;5;5;45500
Mirzo Ulugbek;2;50;3;4;32000
Mirzo Ulugbek;3;64;5;5;35000
Mirzo Ulugbek;3;70;4;4;41000
Mirzo Ulugbek;3;85;4;4;83000
Mirzo Ulugbek;3;75;2;9;45500
Mirzo Ulugbek;3;70;6;9;56000
Olmzor;4;83;5;5;38000
Chilonzor;1;30;2;4;25500
Uchtepa;2;57,95;11;12;29000
Yakkasaroy;2;50;2;4;47000
Mirzo Ulugbek;3;75;3;4;67000
Mirzo Ulugbek;3;70;5;9;65000
Mirzo Ulugbek;2;45;2;4;31000
Chilonzor;2;56;2;4;33000
Yunusobod;4;95;3;9;62000
Mirzo Ulugbek;3;70;2;4;73000
Yakkasaroy;2;45;1;4;50000
Mirzo Ulugbek;3;75;4;9;99000
Mirzo Ulugbek;3;65;4;4;33000
Yakkasaroy;5;105;9;9;52900
Shayhontohur;3;72;8;9;55000
Yunusobod;3;71;1;5;65000
Mirzo Ulugbek;2;75;2;4;68000
Uchtepa;4;80;1;5;60000
Uchtepa;4;79;5;5;42000
Chilonzor;2;48;2;5;35500
Chilonzor;2;60;3;5;39800
Chilonzor;2;60;5;9;38500
Chilonzor;2;60;3;5;39000
Olmzor;2;55;2;4;34500
Olmzor;1;40;6;9;28000
Yunusobod;1;42;2;4;44000
Mirzo Ulugbek;2;50;1;4;30000
Yakkasaroy;3;110;9;9;78000
Yakkasaroy;2;72;8;9;51500
Yakkasaroy;1;47;7;9;34000
Mirzo Ulugbek;3;72;9;9;43500
Chilonzor;1;30;2;4;24000
Yakkasaroy;4;118;3;12;108417
Yunusobod;4;100;2;9;85000
Uchtepa;1;35;3;4;26800
Mirobod;3;75;8;9;75000
Chilonzor;3;65;4;4;38500
Chilonzor;2;50;2;4;31500
Chilonzor;2;58;4;4;36500
Chilonzor;2;50;3;4;35500
Chilonzor;2;60;5;9;37500
Chilonzor;1;36;2;4;26500
Chilonzor;1;42;1;5;28500
Chilonzor;1;42;4;4;26500
Shayhontohur;4;96;2;9;72000
Yunusobod;4;82;1;4;80000
Olmzor;1;43;2;4;25000
Olmzor;2;56;4;5;29600
Olmzor;2;64;5;9;32000
Mirobod;2;65;7;9;48000
Olmzor;4;84;5;5;47000
Yakkasaroy;4;140;2;12;128631
Yunusobod;3;45;4;9;27500
Chilonzor;2;48;1;4;36500
Mirzo Ulugbek;2;53,06;3;7;53000
Uchtepa;2;50;2;5;34000
Yashnobod;3;63;5;5;45000
Mirzo Ulugbek;5;110;2;4;85000
Yunusobod;3;67;4;4;40000
Olmzor;4;91;5;5;55000
Uchtepa;2;53;5;5;32000
Chilonzor;1;34;1;4;27000
Chilonzor;3;68;4;4;56500
Uchtepa;1;46;3;4;26800
Chilonzor;3;68;3;5;53000
Yashnobod;3;62,5;1;4;46500
Mirzo Ulugbek;1;30;1;2;18500
Mirzo Ulugbek;2;43;1;4;29800
Uchtepa;2;63;2;5;42000
Yakkasaroy;4;92,5;2;9;70000
Chilonzor;2;51;3;4;34500
Chilonzor;3;65;4;4;46500
Mirobod;3;110;7;9;127000
Sergeli;2;84;3;9;33500
Uchtepa;3;68;4;5;42000
Chilonzor;2;45;4;4;34500
Yakkasaroy;4;120;1;5;135000
Sergeli;3;82;3;7;55000
Uchtepa;3;96;2;4;74000
Shayhontohur;1;41;5;9;31500
Mirzo Ulugbek;7;203;8;9;98979
Yakkasaroy;1;64;4;12;58803
Uchtepa;4;80;5;6;56500
Chilonzor;2;46;3;4;33500
Yunusobod;4;82;1;9;65000
Mirzo Ulugbek;3;113,6;2;5;115000
Shayhontohur;3;75;7;9;57000
Yunusobod;1;42;3;4;47000
Shayhontohur;2;60;3;4;53000
Olmzor;2;61;4;5;39000
Yunusobod;2;60;3;4;73000
Shayhontohur;3;75;1;9;78000
Mirobod;3;70;2;4;65000
Shayhontohur;4;96;9;12;62000
Yunusobod;4;90;7;9;53000
Mirzo Ulugbek;2;55;4;4;31500
Chilonzor;2;58;4;5;30000
Chilonzor;3;62;2;4;40500
Chilonzor;2;47;4;5;37000
Chilonzor;2;45;1;4;33500
Chilonzor;1;28;4;5;23999
Shayhontohur;3;65;3;4;54000
Mirzo Ulugbek;3;70;4;4;52000
Chilonzor;2;56;4;4;35000
Uchtepa;3;75;1;4;52000
Yashnobod;3;110;5;5;95000
Yakkasaroy;3;85;2;4;110000
Mirzo Ulugbek;5;246;8;9;119991
Mirobod;3;110;2;8;169000
Uchtepa;4;96;1;4;75000
Mirzo Ulugbek;2;50;1;4;31000
Shayhontohur;3;70;1;9;50000
Mirzo Ulugbek;2;60;4;4;44000
Mirzo Ulugbek;3;87,05;5;11;62338
Mirzo Ulugbek;3;121;5;9;75475
Yunusobod;2;99;1;9;115000
Yashnobod;1;40;8;9;20500
Chilonzor;2;50;4;4;37000
Chilonzor;2;50;4;4;31000
Yakkasaroy;3;80;4;5;56000
Mirobod;2;68;5;5;44500
Yunusobod;4;83;4;4;75000
Uchtepa;3;80;9;12;42000
Uchtepa;4;100;9;9;50000
Uchtepa;3;90;1;9;75000
Chilonzor;4;92;4;4;61000
Chilonzor;3;72;7;9;44500
Chilonzor;3;110;4;9;71000
Uchtepa;4;82;4;5;50000
Uchtepa;4;84;5;5;47500
Chilonzor;4;125;4;4;78000
Chilonzor;4;80;1;9;90000
Chilonzor;4;80;6;9;63000
Chilonzor;4;72;4;4;45000
Uchtepa;3;70;7;9;47000
Uchtepa;3;72;1;9;45500
Uchtepa;3;70;1;12;40000
Chilonzor;3;70;1;4;48000
Chilonzor;3;77;5;9;47500
Uchtepa;3;65;3;4;45000
Chilonzor;3;75;2;9;47500
Uchtepa;3;70;2;5;52000
Uchtepa;3;65;3;4;49000
Uchtepa;3;65;4;4;51000
Chilonzor;3;75;9;9;63500
Chilonzor;3;60;4;4;45000
Chilonzor;3;72;7;9;70000
Uchtepa;2;50;4;4;37500
Uchtepa;2;45;5;5;34000
Mirzo Ulugbek;3;87,65;7;11;60675
Mirzo Ulugbek;2;60;7;9;39997
Chilonzor;1;30;4;4;22500
Chilonzor;2;46;2;4;52000
Chilonzor;3;70;9;9;36000
Chilonzor;2;58;8;9;35000
Yakkasaroy;2;48;1;4;38500
Shayhontohur;3;80;5;9;68000
Yashnobod;4;110;7;9;68614
Mirzo Ulugbek;4;129,14;5;11;92479
Yakkasaroy;1;44;2;9;27000
Yakkasaroy;2;50;3;5;46000
Yakkasaroy;5;116;3;9;87000
Yunusobod;2;46;3;4;37000
Mirzo Ulugbek;4;120;2;8;190000
Chilonzor;1;35;1;5;27000
Chilonzor;2;50;1;5;34500
Chilonzor;1;36;1;4;26500
Chilonzor;2;56;2;5;38000
Chilonzor;2;60;2;5;42000
Chilonzor;2;60;2;9;42500
Chilonzor;1;36;4;4;24500
Uchtepa;2;54;2;4;37000
Chilonzor;2;56;3;5;36000
Chilonzor;1;42;2;5;29500
Chilonzor;2;60;3;4;33500
Chilonzor;1;36;2;5;27500
Chilonzor;2;44;4;4;36000
Chilonzor;3;65;1;4;54000
Chilonzor;3;65;2;5;52000
Chilonzor;2;46;3;4;35000
Chilonzor;4;105;2;9;135000
Chilonzor;2;54;2;4;40000
Chilonzor;2;42;2;4;39000
Mirzo Ulugbek;4;108,27;5;11;77534
Chilonzor;3;68;4;4;39500
Uchtepa;3;77;4;5;43500
Yunusobod;3;78;4;5;46000
Yunusobod;3;65;7;9;48000
Mirzo Ulugbek;3;90;2;9;51000
Mirzo Ulugbek;3;78;5;5;39000
Yashnobod;3;75;6;9;55000
Mirzo Ulugbek;1;28;4;4;23500
Shayhontohur;3;70;3;5;40000
Mirobod;4;140;2;2;58000
Olmzor;2;57;1;4;32000
Yunusobod;2;65;3;9;62000
Yunusobod;3;70;3;4;45500
Mirzo Ulugbek;1;18;3;4;12500
Mirzo Ulugbek;2;50;1;4;30000
Mirzo Ulugbek;2;40;5;5;31500
Mirobod;4;120;9;10;119900
Mirzo Ulugbek;3;103;4;9;65000
Mirobod;3;110;2;7;165000
Olmzor;3;70;6;9;46000
Chilonzor;1;27;3;3;19500
Mirobod;3;100;5;6;115000
Uchtepa;3;78;5;5;47500
Uchtepa;3;65;3;4;66000
Chilonzor;4;79;3;4;57000
Yashnobod;2;60;4;9;35900
Mirzo Ulugbek;3;78;4;4;54996
Uchtepa;2;42;4;5;28500
Chilonzor;3;68;2;5;53000
Chilonzor;3;94;3;4;57000
Chilonzor;1;32;2;4;24500
Yunusobod;2;50;2;4;30500
Chilonzor;3;63;4;4;42000
Mirobod;1;47;4;4;52500
Chilonzor;3;103;4;9;77000
Mirzo Ulugbek;3;70;4;4;57000
Mirzo Ulugbek;3;75;3;4;90000
Yakkasaroy;2;48;3;5;47000
Shayhontohur;1;70;6;7;60000
Mirzo Ulugbek;2;50;1;5;35000
Uchtepa;2;69;9;9;37000
Uchtepa;3;104;3;12;61000
Chilonzor;2;48;4;4;42200
Uchtepa;4;76;4;4;40000
Uchtepa;3;67;3;5;63000
Mirobod;3;92;2;9;89000
Chilonzor;2;85;6;9;51000
Mirzo Ulugbek;2;42;2;5;33500
Yashnobod;2;60;2;9;56000
Olmzor;3;110;2;2;55000
Mirobod;3;80;3;4;83000
Chilonzor;1;60;3;9;48000
Chilonzor;4;76;4;4;45000
Mirzo Ulugbek;2;50;5;5;35500
Mirzo Ulugbek;2;62;4;4;39000
Chilonzor;1;40;3;4;27000
Mirzo Ulugbek;2;55;4;4;34998
Yakkasaroy;2;89;9;12;77469
Mirzo Ulugbek;1;30;4;4;20500
Yunusobod;2;48;4;4;33500
Yashnobod;3;60;3;5;37000
Shayhontohur;3;65;1;4;45000
Mirobod;3;80;4;4;78000
Shayhontohur;3;75;8;9;52000
Mirzo Ulugbek;3;70;4;5;55000
Chilonzor;3;90;4;12;44000
Chilonzor;1;45;5;12;31000
Chilonzor;3;96;2;4;71000
Chilonzor;2;42;3;4;33000
Chilonzor;4;100;6;9;67500
Chilonzor;6;134;7;9;78000
Mirzo Ulugbek;2;55;4;5;37000
Mirobod;3;70;4;4;59000
Shayhontohur;3;79;3;4;48000
Mirobod;3;65;9;9;58000
Mirzo Ulugbek;4;128,66;5;11;92135
Mirzo Ulugbek;1;18;3;3;17500
Yunusobod;1;44;2;5;90000
Mirzo Ulugbek;3;80;5;5;85000
Mirzo Ulugbek;2;65;3;9;53000
Yakkasaroy;2;70;2;7;73500
Mirobod;2;65;5;9;70000
Shayhontohur;3;82;2;9;60000
Yakkasaroy;3;120;3;4;130000
Yashnobod;2;77;4;5;47000
Yunusobod;3;70;4;4;56000
Chilonzor;4;120;9;10;56000
Yunusobod;3;105;4;4;65000
Yunusobod;2;55;1;4;63000
Mirzo Ulugbek;3;72;1;4;47500
Yunusobod;3;78;8;9;39000
Mirzo Ulugbek;2;62;1;9;55700
Mirzo Ulugbek;4;95;4;4;80000
Olmzor;3;97,3;2;2;50000
Yunusobod;3;75;9;10;72000
Chilonzor;2;49;2;4;33500
Shayhontohur;3;75;2;4;70000
Olmzor;2;67;2;9;40200
Chilonzor;4;93;2;4;115000
Yunusobod;2;60;3;5;45000
Uchtepa;2;42;4;5;28500
Mirobod;4;100;5;9;78000
Chilonzor;2;46;2;4;32000
Uchtepa;3;70;3;5;48500
Chilonzor;2;47;4;4;33000
Yunusobod;3;135;3;7;200000
Mirobod;3;75;2;10;125000
Yashnobod;5;203;8;8;139999
Yunusobod;4;80;3;4;77500
Uchtepa;2;47;1;4;50000
Yashnobod;3;62;2;7;50000
Uchtepa;4;93;9;9;51000
Uchtepa;3;60;5;5;47000
Mirzo Ulugbek;5;100;4;4;48000
Uchtepa;3;70;1;5;48000
Shayhontohur;2;75;4;7;47000
Yashnobod;2;65;2;7;65999
Chilonzor;3;62;3;6;68000
Mirzo Ulugbek;3;95;5;5;50000
Mirzo Ulugbek;5;95;4;4;70000
Chilonzor;1;28;2;4;30000
Yashnobod;4;110;6;9;113000
Mirzo Ulugbek;2;60;6;9;34000
Yunusobod;3;53;3;4;74900
Yunusobod;3;70;5;5;40000
Yunusobod;4;130;8;9;115000
Yashnobod;3;105;1;5;92000
Yunusobod;4;85;2;4;74900
Yakkasaroy;2;47;4;4;48000
Yakkasaroy;3;70;6;8;85000
Chilonzor;3;77;1;4;49500
Mirzo Ulugbek;3;80;5;7;104900
Mirzo Ulugbek;2;43;4;4;28500
Yakkasaroy;2;56;4;5;54000
Shayhontohur;5;190;2;5;130000
Mirzo Ulugbek;2;60;3;5;31000
Chilonzor;2;54;2;4;38000
Chilonzor;3;90;7;9;60000
Uchtepa;2;48;3;4;37800
Chilonzor;3;57;1;4;42500
Yashnobod;2;65,8;2;9;63000
Chilonzor;1;30;3;5;21000
Chilonzor;3;67;2;4;52500
Chilonzor;3;70;3;4;45000
Chilonzor;3;65;3;4;46500
Mirzo Ulugbek;4;106;6;8;115000
Mirzo Ulugbek;2;60;2;5;38200
Chilonzor;4;88;7;9;75000
Mirobod;5;135;3;9;105000
Yakkasaroy;4;110;5;8;120000
Yakkasaroy;2;65;2;9;41500
Yashnobod;3;75;6;9;85000
Chilonzor;4;76;2;4;58000
Yunusobod;3;108;8;8;120000
Yunusobod;2;64;2;9;41000
Chilonzor;2;42;4;4;27000
Chilonzor;2;50;3;4;35500
Uchtepa;2;58;8;9;31500
Chilonzor;4;124;5;5;87000
Uchtepa;2;48;2;4;45000
Mirzo Ulugbek;2;47;4;4;30000
Yunusobod;3;76;3;5;48000
Mirzo Ulugbek;1;41;4;4;34000
Mirzo Ulugbek;2;50;2;4;42200
Uchtepa;2;50;5;5;31000
Mirzo Ulugbek;1;35;3;5;25500
Mirzo Ulugbek;2;56;2;2;32000
Chilonzor;5;109;5;5;83000
Mirobod;4;166;6;9;141500
Chilonzor;3;70;3;5;49000
Yashnobod;3;103;7;9;64996
Mirobod;5;236;8;9;190000
Shayhontohur;3;70;4;9;56000
Yakkasaroy;2;52;4;5;32000
Yakkasaroy;2;58;1;5;36000
Mirzo Ulugbek;2;65;1;9;55000
Mirzo Ulugbek;2;40;1;3;25000
Yashnobod;3;76;2;4;54000
Chilonzor;3;105;6;9;80000
Mirobod;3;65;4;4;33500
Chilonzor;1;28;4;4;30500
Yashnobod;5;110;3;5;58000
Uchtepa;2;52;1;4;37000
Uchtepa;3;78;3;9;45000
Uchtepa;3;65;4;4;35000
Uchtepa;2;50;4;4;40500
Uchtepa;2;72;9;9;36000
Uchtepa;2;50;1;4;46500
Uchtepa;3;70;4;4;48000
Uchtepa;3;71;2;4;45000
Uchtepa;4;90;3;5;66000
Uchtepa;3;70;4;5;46500
Uchtepa;3;72;8;9;42500
Chilonzor;3;64;5;9;51000
Uchtepa;3;92;1;4;65000
Shayhontohur;2;59;2;9;51000
Chilonzor;6;184;9;9;103000
Chilonzor;3;68;4;4;38000
Chilonzor;3;96;8;9;52500
Chilonzor;3;68;2;4;47000
Chilonzor;3;65;3;4;44000
Chilonzor;3;70;5;9;55000
Chilonzor;1;34;4;5;27500
Chilonzor;1;34;1;4;30500
Uchtepa;2;58;7;9;32000
Uchtepa;3;75;5;5;48000
Uchtepa;2;48;5;5;29800
Uchtepa;3;67;2;4;49500
Uchtepa;2;50;2;4;33999
Chilonzor;3;140;4;5;175000
Chilonzor;2;47;4;4;32000
Uchtepa;2;46;4;4;29500
Uchtepa;2;38;4;4;31000
Chilonzor;2;47;4;4;32500
Chilonzor;2;45;4;4;35500
Chilonzor;3;65;4;4;42000
Uchtepa;1;43;3;4;43800
Chilonzor;2;42;3;4;35500
Uchtepa;2;54;3;5;37000
Chilonzor;2;60;5;9;63000
Uchtepa;3;80;4;9;53000
Chilonzor;3;90;9;9;56000
Uchtepa;4;80;3;4;75000
Uchtepa;4;105;8;9;55000
Uchtepa;3;91;4;9;47000
Uchtepa;2;60;1;4;56000
Shayhontohur;2;58;2;4;49000
Mirzo Ulugbek;2;53;5;5;37000
Uchtepa;2;48;3;4;34500
Uchtepa;2;54;3;5;39000
Uchtepa;1;43;9;9;24500
Uchtepa;4;84;4;4;60000
Uchtepa;2;47;2;4;31500
Chilonzor;2;50;2;4;30500
Uchtepa;4;96;5;5;54000
Chilonzor;4;130;6;9;75000
Uchtepa;3;67;2;5;58000
Uchtepa;3;92;4;4;55000
Chilonzor;2;46;2;4;35000
Chilonzor;2;43;2;4;32500
Chilonzor;2;44;1;4;36000
Chilonzor;1;30;4;4;27000
Chilonzor;3;55;4;4;48500
Sergeli;6;140;9;9;55000
Uchtepa;4;80;3;5;71000
Uchtepa;3;57;1;4;38500
Uchtepa;2;48;2;5;30500
Uchtepa;3;72;1;4;62000
Uchtepa;3;72;5;5;40000
Uchtepa;2;47;2;4;32000
Uchtepa;2;52;4;4;39000
Uchtepa;2;48;2;4;35500
Uchtepa;1;40;1;4;23500
Uchtepa;1;34;4;4;24000
Chilonzor;2;56;4;5;40000
Chilonzor;3;73;1;4;45000
Chilonzor;2;64;5;5;37000
Chilonzor;3;96;4;4;49000
Chilonzor;3;68;2;4;43000
Chilonzor;3;104;9;9;60000
Uchtepa;3;72;3;5;58000
Chilonzor;2;58;4;4;32000
Chilonzor;3;66;1;3;50500
Mirobod;3;68;4;5;43000
Chilonzor;3;65;5;5;51000
Mirobod;3;85;9;9;59800
Chilonzor;2;47;1;4;36000
Chilonzor;1;30;4;4;31000
Chilonzor;3;77;5;5;94000
Chilonzor;1;20;2;5;19000
Chilonzor;2;52;1;4;39500
Uchtepa;4;112;1;3;90000
Chilonzor;3;68;4;4;36000
Chilonzor;3;75;6;9;65000
Shayhontohur;1;34;4;4;26000
Uchtepa;1;34;4;4;23500
Chilonzor;1;17;5;9;12000
Uchtepa;1;22;4;4;15500
Chilonzor;1;30;4;5;25000
Uchtepa;6;135;3;9;100000
Chilonzor;4;84;4;4;62000
Chilonzor;4;80;4;4;55000
Uchtepa;3;70;3;9;42000
Uchtepa;3;67;4;5;47000
Uchtepa;3;68;2;4;45000
Uchtepa;3;70;3;9;44000
Chilonzor;2;50;4;4;34000
Chilonzor;2;45;4;4;37000
Chilonzor;4;100;9;9;48000
Chilonzor;2;47;4;4;28500
Uchtepa;4;96;5;9;52500
Uchtepa;4;100;8;9;50000
Uchtepa;2;54;1;5;42000
Chilonzor;4;98;5;9;67000
Uchtepa;4;95;9;9;49000
Uchtepa;3;71;3;9;52000
Uchtepa;4;90;3;5;62000
Chilonzor;4;102;5;5;70000
Chilonzor;3;65;4;4;47000
Chilonzor;5;120;1;4;87000
Shayhontohur;4;94;1;9;92000
Chilonzor;4;160;9;9;85000
Uchtepa;3;63;1;4;68998
Uchtepa;2;48;5;5;27000
Chilonzor;2;42;4;4;31000
Mirobod;3;68;3;4;34000
Uchtepa;1;35;1;4;41000
Mirobod;3;68;3;4;34000
Olmzor;2;59,6;6;9;32000
Chilonzor;3;65;3;4;47500
Yashnobod;1;40;2;4;22999
Chilonzor;1;27;3;3;19500
Mirzo Ulugbek;1;30;2;5;25200
Mirzo Ulugbek;4;96;1;5;88000
Shayhontohur;5;140;7;9;95000
Yashnobod;2;42;3;4;29600
Uchtepa;4;100;9;9;52000
Yunusobod;4;125;8;8;150000
Yunusobod;1;38;5;5;23500
Mirzo Ulugbek;3;78,27;4;9;50670
Mirobod;4;90;5;5;43500
Mirobod;4;90;2;9;52000
Shayhontohur;3;54;3;4;40000
Yunusobod;4;122;8;8;132000
Chilonzor;3;78;5;9;58000
Mirobod;3;75;2;9;46000
Yunusobod;4;135;2;5;130000
Mirobod;4;90;4;9;55000
Chilonzor;3;75;4;4;49800
Yunusobod;3;65,5;1;4;55000
Olmzor;3;110;1;2;55000
Mirobod;3;68;1;4;39500
Uchtepa;1;32;3;4;27000
Mirobod;2;52;2;4;35500
Chilonzor;2;65;4;9;45500
Uchtepa;2;50;1;5;34500
Chilonzor;1;28;4;4;23500
Mirzo Ulugbek;2;55;5;5;35000
Mirzo Ulugbek;2;50;5;5;35000
Mirobod;3;130;9;12;90000
Uchtepa;4;84;3;5;63000
Mirzo Ulugbek;2;42;2;5;33500
Chilonzor;3;68;1;4;48000
Yunusobod;2;50;2;4;30500
Yakkasaroy;3;100;5;5;99000
Mirzo Ulugbek;3;83;5;8;110000
Uchtepa;4;105;1;4;82000
Mirzo Ulugbek;4;80;2;4;70000
Uchtepa;2;42;4;4;28500
Shayhontohur;3;103;2;8;63000
Yunusobod;5;110;9;9;58000
Shayhontohur;3;90;1;5;105000
Chilonzor;2;65;1;5;43000
Yakkasaroy;2;58;3;5;57500
Mirzo Ulugbek;2;62;8;9;51498
Yashnobod;2;62;2;7;53000
Mirzo Ulugbek;2;57;3;5;36000
Yakkasaroy;1;42;2;5;36000
Mirzo Ulugbek;2;65;6;12;53500
Mirzo Ulugbek;2;48,36;4;9;31307
Mirzo Ulugbek;4;157;5;9;204100
Chilonzor;1;30;3;4;23000
Uchtepa;3;67;3;4;39000
Uchtepa;3;68;6;9;41500
Uchtepa;2;41;5;5;36000
Uchtepa;4;138;2;4;95000
Uchtepa;3;72;3;4;48000
Uchtepa;2;70;1;4;78000
Uchtepa;2;50;1;4;50000
Uchtepa;3;77;4;4;47000
Uchtepa;4;116;2;9;105000
Uchtepa;3;100;3;4;71000
Uchtepa;2;70;1;4;49500
Uchtepa;2;50;4;4;37000
Uchtepa;3;65;1;5;47000
Chilonzor;2;41;4;4;31000
Mirzo Ulugbek;4;86;4;4;47000
Mirzo Ulugbek;2;62;4;12;53000
Mirzo Ulugbek;3;76;2;5;48000
Mirzo Ulugbek;2;62;2;5;38000
Mirzo Ulugbek;3;73;4;5;41500
Uchtepa;2;48;5;5;31000
Chilonzor;2;52;4;5;37000
Uchtepa;4;80;1;4;80000
Chilonzor;2;45;2;5;43500
Chilonzor;2;50;3;5;36000
Chilonzor;2;47;2;5;39500
Chilonzor;4;100;1;4;100000
Chilonzor;2;54;5;5;36000
Uchtepa;1;38;3;5;26500
Uchtepa;4;78;2;4;52000
Uchtepa;3;72;5;5;47500
Uchtepa;4;80;2;5;55500
Uchtepa;2;58;5;5;32000
Chilonzor;4;72;5;5;51000
Chilonzor;3;110;4;4;78500
Chilonzor;3;70;2;4;41000
Chilonzor;3;57;4;4;55000
Chilonzor;3;70;2;4;47500
Chilonzor;4;78;4;4;57000
Uchtepa;2;49;1;4;46000
Chilonzor;3;93;5;9;83500
Chilonzor;5;160;6;9;90000
Chilonzor;3;92;7;9;52500
Chilonzor;3;75;1;9;46000
Chilonzor;4;105;8;9;50000
Uchtepa;3;75;3;4;51000
Uchtepa;2;55;4;4;38000
Uchtepa;4;102;5;12;53000
Chilonzor;5;92;5;5;50000
Yakkasaroy;2;63;6;8;41000
Yunusobod;3;67;4;4;70000
Uchtepa;3;68;5;9;40500
Chilonzor;2;50;3;5;36000
Chilonzor;2;50;2;5;34500
Chilonzor;2;54;2;5;36000
Yunusobod;3;78;5;9;65000
Chilonzor;2;50;3;5;35500
Chilonzor;2;54;2;5;36000
Chilonzor;4;110;3;4;105000
Chilonzor;3;82;3;9;63500
Chilonzor;3;84;5;5;55000
Uchtepa;2;42;4;5;31500
Uchtepa;4;78;3;4;53500
Chilonzor;3;65;2;5;48000
Chilonzor;2;46;1;5;34500
Chilonzor;3;65;4;4;49000
Uchtepa;2;47;1;4;42000
Uchtepa;2;48;1;5;48000
Uchtepa;4;75;3;4;61000
Uchtepa;2;54;1;5;80000
Chilonzor;3;118;3;4;86000
Chilonzor;3;95;4;4;90000
Chilonzor;3;93;4;5;80000
Chilonzor;3;75;1;4;64000
Uchtepa;4;93;8;9;52000
Uchtepa;3;70;1;9;60000
Uchtepa;3;60;2;4;44000
Chilonzor;3;68;4;4;35000
Chilonzor;2;60;9;9;32000
Uchtepa;3;70;6;16;42000
Yakkasaroy;2;53;3;5;55500
Shayhontohur;6;150;2;9;150000
Shayhontohur;4;95;1;4;110000
Chilonzor;2;48;2;4;36000
Chilonzor;2;56;4;4;39500
Chilonzor;2;54;2;5;36500
Chilonzor;2;50;3;5;35500
Chilonzor;2;60;4;5;38000
Yunusobod;1;41,37;1;4;47000
Uchtepa;3;65;4;4;34000
Uchtepa;1;38;3;4;25000
Yashnobod;2;58;11;11;24921
Yashnobod;1;46;11;11;19765
Mirzo Ulugbek;3;94;16;23;118000
Chilonzor;1;30;4;4;26300
Yashnobod;2;70;4;5;103000
Yunusobod;3;72;2;9;59000
Mirzo Ulugbek;2;60;6;9;34000
Uchtepa;2;60;1;4;47500
Yunusobod;4;100;3;4;123000
Chilonzor;3;103;4;4;160000
Chilonzor;4;120;5;5;110000
Chilonzor;4;83;2;2;40500
Yakkasaroy;3;72;3;5;47500
Yunusobod;3;78;4;4;55000
Chilonzor;2;50;2;5;42800
Yunusobod;5;183,5;4;5;203000
Chilonzor;1;20;3;5;16000
Mirzo Ulugbek;3;75;8;9;56000
Mirobod;3;103;1;5;90000
Uchtepa;4;90;2;5;54000
Uchtepa;3;78;2;4;52500
Uchtepa;2;49;1;4;31000
Uchtepa;2;56;2;4;40000
Chilonzor;5;92;9;9;80000
Chilonzor;1;28;1;4;24000
Chilonzor;2;45;4;4;36000
Chilonzor;3;68;3;4;65000
Chilonzor;2;50;3;3;41000
Chilonzor;3;68;4;5;45000
Chilonzor;2;50;4;4;39800
Chilonzor;4;80;4;5;56000
Chilonzor;4;110;8;9;74500
Uchtepa;3;72;3;9;43500
Uchtepa;1;33;2;5;24500
Chilonzor;1;30;3;4;25500
Chilonzor;1;40;1;4;28500
Uchtepa;3;70;5;5;44000
Chilonzor;3;67;2;4;42000
Uchtepa;2;58;3;9;35000
Yashnobod;3;77;1;5;50000
Uchtepa;2;52;8;9;65000
Uchtepa;2;60;5;5;36000
Chilonzor;2;42;1;4;33700
Mirobod;4;120;1;4;132000
Mirzo Ulugbek;2;65;5;9;76500
Uchtepa;2;42;1;4;33500
Chilonzor;3;100;6;9;78000
Chilonzor;3;100;4;4;66500
Chilonzor;2;58;7;9;42000
Chilonzor;3;72;2;9;46000
Chilonzor;4;125;6;9;250000
Chilonzor;1;50;3;4;37000
Chilonzor;5;142;5;5;120000
Shayhontohur;3;72;8;9;55000
Chilonzor;4;125;3;9;205000
Mirobod;2;60;3;4;49900
Mirobod;5;110;8;9;85000
Chilonzor;2;40;4;4;30000
Mirobod;5;110;8;9;85000
Chilonzor;2;40;4;4;30000
Shayhontohur;5;186;5;8;155000
Shayhontohur;4;186;5;8;155000
Mirobod;2;58;5;5;34000
Chilonzor;3;114;2;9;160000
Uchtepa;2;42;5;5;31500
Chilonzor;2;52;5;5;36000
Mirzo Ulugbek;4;86;2;5;80000
Mirzo Ulugbek;2;64;6;7;45000
Shayhontohur;2;51,6;1;6;40000
Yakkasaroy;2;68;6;8;45000
Chilonzor;2;64;8;12;53000
Olmzor;3;66;5;5;42000
Chilonzor;2;61;3;9;62000
Uchtepa;2;68;16;16;45000
Uchtepa;2;63;2;9;42000
Uchtepa;2;46;2;4;32000
Chilonzor;2;48;1;4;32500
Chilonzor;2;46;3;4;42000
Chilonzor;2;62;2;4;70000
Chilonzor;2;65;2;12;65000
Uchtepa;1;44;7;16;31000
Chilonzor;1;34;2;4;25500
Yashnobod;4;82;4;4;45000
Uchtepa;3;100;3;4;71000
Mirzo Ulugbek;2;40;1;3;26000
Mirzo Ulugbek;1;25;3;4;21500
Yakkasaroy;1;40;5;5;30000
Mirzo Ulugbek;2;50;1;4;30000
Mirzo Ulugbek;5;125;5;5;107000
Mirzo Ulugbek;3;80;5;5;39000
Uchtepa;4;130;2;3;106000
Chilonzor;2;45;4;4;38000
Mirzo Ulugbek;3;90;2;9;51000
Chilonzor;1;27;3;3;19500
Yakkasaroy;5;116;3;9;87000
Yunusobod;2;53;3;4;34500
Yunusobod;3;65;3;3;58000
Mirzo Ulugbek;4;78;4;5;65000
Uchtepa;3;72;8;9;38000
Chilonzor;2;48;5;5;32500
Chilonzor;4;80;4;5;64000
Chilonzor;2;48;3;4;32000
Yakkasaroy;3;80;4;4;47000
Chilonzor;1;34;4;4;23000
Chilonzor;1;42;3;9;31500
Uchtepa;1;28;3;4;22000
Chilonzor;1;43;4;9;35000
Uchtepa;4;95;1;5;126000
Chilonzor;6;136;2;4;94000
Chilonzor;4;100;5;9;90000
Chilonzor;4;180;6;9;150000
Chilonzor;3;75;7;9;44500
Chilonzor;5;206;1;9;190000
Olmzor;2;50;4;4;33500
Chilonzor;1;27;4;4;24000
Mirobod;3;92;9;9;60000
Olmzor;4;110;1;2;60000
Mirzo Ulugbek;3;83;5;8;95000
Yashnobod;2;62;2;7;52000
Yakkasaroy;3;75;1;4;72000
Mirzo Ulugbek;3;78;1;4;39900
Yunusobod;4;90;5;5;65000
Chilonzor;2;47;1;4;35000
Yashnobod;3;80;7;8;70000
Yashnobod;2;58,5;3;6;23513
Yunusobod;3;110;7;9;118500
Mirzo Ulugbek;3;75;3;4;75000
Mirzo Ulugbek;3;76;3;4;75000
Uchtepa;2;53;1;4;34500
Mirzo Ulugbek;2;53;1;7;45000
Olmzor;3;97,3;1;2;50000
Shayhontohur;4;90;4;4;65000
Mirzo Ulugbek;1;40;3;3;35000
Yashnobod;3;70;4;5;45500
Mirobod;4;280;4;8;320000
Mirzo Ulugbek;4;92;2;5;60000
Mirzo Ulugbek;3;125;1;4;130000
Chilonzor;3;78;2;7;64500
Yunusobod;10;448;7;7;425600
Yakkasaroy;6;180;1;5;220000
Bektemir;3;75;8;9;33000
Olmzor;4;110;1;2;60000
Mirobod;2;60;2;4;43500
Mirobod;1;50;9;10;52500
Chilonzor;2;40;5;5;20000
Mirzo Ulugbek;1;26;1;3;18000
Mirzo Ulugbek;3;115;4;4;87000
Shayhontohur;3;75;3;4;61000
Yunusobod;3;77;3;5;40000
Yakkasaroy;2;65;5;9;52000
Shayhontohur;2;70;5;7;56000
Yakkasaroy;3;90;12;16;49900
Sergeli;2;49;3;7;35000
Shayhontohur;5;136;2;5;97000
Chilonzor;3;75;2;4;53000
Shayhontohur;3;65;4;4;48000
Yunusobod;5;125;4;9;67000
Yunusobod;4;100;2;9;57000
Yunusobod;3;70;1;4;57000
Mirzo Ulugbek;3;85;2;3;55000
Mirobod;2;90;7;9;90000
Uchtepa;3;68;4;5;42800
Yunusobod;5;100;4;5;59000
Yunusobod;1;41;2;4;26500
Olmzor;3;94;9;9;70000
Mirobod;3;82;6;10;63000
Yunusobod;2;52;3;4;60000
Mirobod;1;45;3;9;56500
Yunusobod;5;118;8;9;61000
Mirzo Ulugbek;2;64,4;12;12;32000
Mirzo Ulugbek;5;248;8;9;387000
Mirzo Ulugbek;4;160;8;8;160000
Yunusobod;1;36;1;4;23000
Chilonzor;4;120;5;5;110000
Mirobod;2;60;4;9;70000
Mirobod;4;187;4;6;145000
Yakkasaroy;2;60;3;5;57000
Yunusobod;4;96;7;9;49900
Sergeli;3;80;3;9;39000
Yakkasaroy;2;48;4;5;45000
Mirzo Ulugbek;1;32;3;4;22500
Mirzo Ulugbek;3;90;2;9;50000
Yunusobod;2;77;6;6;62000
Uchtepa;2;48;5;5;30000
Yashnobod;2;65;2;9;65000
Yashnobod;2;50;1;4;37000
Yashnobod;3;73;4;4;34000
Mirzo Ulugbek;3;67;4;4;32000
Mirobod;4;107;8;9;100000
Mirobod;3;132;3;4;65000
Chilonzor;2;52;4;4;40000
Chilonzor;3;63;3;4;42000
Mirzo Ulugbek;3;78;3;4;53000
Mirzo Ulugbek;4;90;4;4;75000
Shayhontohur;5;235;1;2;140000
Mirobod;3;135;3;8;95000
Yunusobod;1;38;1;4;26000
Mirzo Ulugbek;3;80;4;4;90000
Mirzo Ulugbek;1;38;3;4;22500
Mirzo Ulugbek;2;48;1;4;29400
Yashnobod;3;80;6;12;40000
Olmzor;3;113;4;4;63000
Olmzor;2;56;4;4;32200
Yunusobod;2;61;3;4;75000
Mirzo Ulugbek;2;48;2;4;31500
Mirzo Ulugbek;3;65;4;4;34998
Yunusobod;4;117;1;8;135000
Yakkasaroy;2;56;2;5;33500
Olmzor;2;56;2;4;32900
Mirzo Ulugbek;3;70;3;5;36000
Yakkasaroy;3;75;2;4;55000
Shayhontohur;3;72;4;12;45000
Uchtepa;2;55;3;4;39000
Mirzo Ulugbek;2;50;3;4;28500
Chilonzor;2;54;3;4;34000
Chilonzor;3;67;4;4;45000
Mirobod;4;112;6;9;77000
Mirzo Ulugbek;4;145;2;5;160000
Mirzo Ulugbek;2;78;5;5;39000
Yangihayot;3;50;1;7;44600
Uchtepa;2;52;4;5;28500
Mirzo Ulugbek;2;59;5;5;30000
Chilonzor;1;30;3;4;22300
Mirzo Ulugbek;2;60;4;5;30500
Shayhontohur;3;70;2;4;56000
Yunusobod;2;54;9;9;38000
Mirzo Ulugbek;2;53;1;5;62000
Uchtepa;2;51;4;4;33500
Shayhontohur;6;268;1;3;260000
Mirzo Ulugbek;2;65;4;4;51000
Yashnobod;3;78;5;6;32000
Mirzo Ulugbek;2;70;5;9;66000
Mirobod;2;65;3;4;75000
Olmzor;4;86;4;4;39500
Yashnobod;2;58,41;3;6;23477
Yakkasaroy;1;39;2;5;27500
Mirzo Ulugbek;3;70;3;4;68000
Shayhontohur;3;110;7;7;125000
Yakkasaroy;2;52;3;5;63000
Uchtepa;2;50;5;5;32000
Mirobod;2;65;7;9;49000
Mirzo Ulugbek;3;82;3;4;120000
Mirobod;3;103;4;8;103000
Shayhontohur;3;70;7;9;56000
Mirzo Ulugbek;2;50;3;4;36000
Mirzo Ulugbek;2;62;2;9;42000
Mirobod;2;53;9;10;46000
Mirobod;3;72;7;9;65000
Yashnobod;3;88;5;9;73000
Mirzo Ulugbek;1;35;4;5;33000
Mirzo Ulugbek;4;93;2;5;46500
Yunusobod;2;60;3;4;33500
Mirobod;3;103;7;8;96000
Yakkasaroy;3;265;1;9;198750
Mirobod;8;350;2;12;260000
Shayhontohur;3;70;1;4;65000
Yakkasaroy;4;115;1;4;135000
Yunusobod;4;91,62;4;5;49000
Mirobod;3;100;5;9;100000
Yakkasaroy;4;120;1;4;135000
Mirobod;3;85;3;9;82000
Mirobod;3;85;5;9;74000
Yashnobod;2;58,1;10;11;25907
Yakkasaroy;3;90;3;3;75000
Yashnobod;2;82,57;9;9;67000
Olmzor;1;40,52;5;5;22000
Chilonzor;3;115;1;9;100000
Mirzo Ulugbek;2;56;2;2;30000
Chilonzor;2;68,4;4;9;58500
Mirobod;2;67;6;9;51000
Mirzo Ulugbek;2;57;9;9;31000
Yunusobod;3;115;5;8;195000
Yashnobod;4;456;8;8;230000
Mirobod;4;184;8;8;280000
Mirobod;10;456;3;7;800000
Mirzo Ulugbek;10;330;1;4;130000
Mirzo Ulugbek;2;57;6;9;67000
Yakkasaroy;5;116;3;9;87000
Yashnobod;1;35;2;9;23500
Yunusobod;5;254;1;8;285000
Yunusobod;6;252;1;8;285000
Olmzor;2;72;4;9;39500
Yunusobod;2;55;1;4;30500
Chilonzor;2;38;4;4;32000
Mirzo Ulugbek;1;30;3;4;25000
Uchtepa;2;49;3;4;32500
Yunusobod;4;100;6;9;85000
Olmzor;3;70;3;4;40400
Yakkasaroy;1;64;8;12;55708
Yashnobod;4;100;7;9;44900
Mirzo Ulugbek;1;41;2;4;38000
Yashnobod;4;80;2;5;47000
Yakkasaroy;1;30;5;5;40500
Chilonzor;2;52;4;4;46500
Mirobod;2;62;1;9;62000
Yakkasaroy;2;51;5;5;53000
Mirobod;4;126;1;4;155000
Yakkasaroy;2;82;8;8;69900
Mirzo Ulugbek;6;208;1;7;280000
Yunusobod;1;50;7;9;37500
Yunusobod;4;82;1;4;85000
Mirobod;3;88;5;5;55000
Mirobod;3;85;5;9;74000
Chilonzor;1;27;3;3;19500
Uchtepa;3;68;5;5;36200
Mirzo Ulugbek;3;70;4;4;41500
Yakkasaroy;1;46;1;5;36500
Mirzo Ulugbek;4;140;5;9;84000
Shayhontohur;5;96;1;5;75000
Uchtepa;3;65;2;4;42000
Yunusobod;4;98;2;4;75000
Yunusobod;3;90;9;9;62000
Mirobod;3;90;3;5;102000
Mirobod;3;90;3;5;105000
Yakkasaroy;4;125;7;8;165000
Mirzo Ulugbek;2;60;1;9;63000
Yakkasaroy;2;60;3;4;43000
Mirobod;2;65;4;9;76000
Chilonzor;3;65;1;4;46500
Uchtepa;2;45;3;4;31000
Yashnobod;3;66;4;4;36000
Yunusobod;2;46;1;4;36000
Yakkasaroy;2;56;4;5;34500
Mirzo Ulugbek;3;78;3;5;55000
Yashnobod;3;72;5;5;45000
Yakkasaroy;2;48;1;4;38000
Olmzor;3;56;1;2;27000
Mirzo Ulugbek;2;65;4;4;33000
Mirobod;3;75;6;9;110000
Mirobod;4;120;1;5;135000
Mirzo Ulugbek;1;46;2;9;42000
Mirobod;2;63;4;9;59999
Uchtepa;1;37;2;4;26500
Yakkasaroy;4;104;4;5;78500
Mirobod;1;53;7;9;46500
Mirobod;3;85;3;4;85000
Yunusobod;4;82;3;4;75000
Yakkasaroy;4;82;5;5;47500
Yunusobod;3;70;4;4;63000
Shayhontohur;2;61;2;7;52500
Mirzo Ulugbek;2;65;4;5;65000
Mirzo Ulugbek;1;34;2;3;21600
Yunusobod;1;32;4;4;20000
Uchtepa;2;56;2;5;33500
Chilonzor;1;36;4;4;24500
Chilonzor;1;32;1;4;26500
Chilonzor;2;46;2;4;35500
Uchtepa;2;60;5;9;35000
Chilonzor;2;56;1;4;39500
Chilonzor;2;56;1;4;32500
Yashnobod;3;84;4;6;37800
Uchtepa;1;42;4;5;27500
Uchtepa;1;42;4;5;25000
Uchtepa;1;42;3;5;29500
Mirobod;4;184;8;8;280000
Chilonzor;3;61;3;4;51500
Uchtepa;2;45;5;5;28500
Chilonzor;3;60;3;9;65000
Yakkasaroy;3;75;1;9;85000
Yakkasaroy;2;50;3;9;40000
Olmzor;1;42;3;4;35000
Mirzo Ulugbek;3;80;12;25;200000
Shayhontohur;3;80;9;9;85999
Mirobod;4;155;2;12;130000
Yunusobod;2;52;2;4;74000
Sergeli;6;130;5;9;75000
Yunusobod;3;111;6;9;110000
Mirobod;3;75;6;9;92000
Mirzo Ulugbek;3;68;3;4;82000
Yakkasaroy;5;116;3;9;87000
Uchtepa;2;48;1;4;42000
Chilonzor;1;30;1;4;26700
Mirobod;3;72;4;9;80000
Yakkasaroy;2;50;3;5;65000
Uchtepa;4;98;2;9;75000
Yakkasaroy;2;52;4;5;61000
Mirobod;2;62;5;9;76000
Shayhontohur;5;317;1;4;250000
Shayhontohur;3;70;5;9;58000
Yashnobod;4;100;1;4;107000
Yakkasaroy;1;50;4;12;52000
Mirzo Ulugbek;4;92;2;4;65000
Mirobod;3;120;3;8;125000
Yakkasaroy;2;42;4;4;40500
Yakkasaroy;2;55;3;9;50500
Mirobod;4;160;4;9;260000
Yakkasaroy;1;34;2;5;56000
Mirobod;2;58;2;4;62000
Yashnobod;2;50;1;5;42000
Mirzo Ulugbek;3;131;2;8;165000
Mirobod;3;75;2;4;75000
Uchtepa;3;70;3;4;40000
Yashnobod;2;55;4;5;73500
Yunusobod;2;90;2;8;110000
Mirzo Ulugbek;2;60;1;9;58000
Uchtepa;3;65;4;4;44500
Chilonzor;2;70;2;9;80000
Uchtepa;2;46;2;4;37000
Chilonzor;2;50;1;4;35500
Mirobod;3;70;3;4;42000
Yunusobod;2;60;4;5;38000
Mirobod;4;182;5;8;290000
Olmzor;2;57;5;5;33000
Sergeli;5;125;6;9;51000
Chilonzor;2;50;4;4;34000
Yunusobod;4;90;4;5;55000
Sergeli;5;310;9;9;57500
Uchtepa;2;56;6;6;37500
Olmzor;2;59;5;5;33000
Shayhontohur;3;95;3;6;39000
Uchtepa;4;96;5;9;49900
Chilonzor;2;48;1;4;39000
Yashnobod;2;45,82;1;5;29000
Chilonzor;2;51;5;5;32500
Mirzo Ulugbek;3;70;4;4;75000
Chilonzor;1;37;1;4;26500
Olmzor;2;69;3;9;40795
Yunusobod;4;84;3;4;73000
Olmzor;3;69,33;2;4;46000
Olmzor;4;86;1;5;57000
Chilonzor;2;48;2;4;44000
Chilonzor;4;138;1;3;135000
Mirzo Ulugbek;1;42;2;4;62000
Yakkasaroy;3;105;1;8;112000
Yunusobod;3;80;1;10;90000
Yakkasaroy;3;80;1;10;90000
Yunusobod;2;54;2;4;58000
Yakkasaroy;3;75;3;9;53000
Shayhontohur;2;55;3;4;43000
Yakkasaroy;1;27;3;3;19500
Olmzor;2;50;1;9;37000
Olmzor;2;58;2;9;34000
Mirzo Ulugbek;2;45;3;3;26000
Yunusobod;1;45;5;5;24000
Yashnobod;2;58;3;3;37000
Mirzo Ulugbek;3;74;4;4;51000
Mirzo Ulugbek;3;80;1;4;98000
Yunusobod;4;110;3;9;88000
Mirobod;3;70;2;4;60000
Uchtepa;4;80;5;5;45000
Uchtepa;3;100;4;12;54000
Yakkasaroy;4;110;3;10;73000
Yunusobod;1;46;7;9;39500
Uchtepa;3;78;2;4;56000
Mirzo Ulugbek;2;48;3;3;33000
Yunusobod;4;99;1;4;72000
Yakkasaroy;1;29;9;9;15714
Yakkasaroy;2;65;2;9;52500
Mirzo Ulugbek;2;50;1;5;52000
Mirobod;5;300;3;8;425000
Uchtepa;4;80;1;4;58000
Uchtepa;2;54;5;5;30000
Uchtepa;3;90;2;5;65000
Uchtepa;2;50;4;4;33000
Uchtepa;4;91;2;4;65000
Mirobod;2;61;2;4;39000
Yunusobod;3;101;8;9;125000
Yashnobod;3;74;8;9;59500
Shayhontohur;3;72;2;9;58999
Mirzo Ulugbek;3;90;2;9;51000
Yakkasaroy;3;65,5;2;4;60800
Mirzo Ulugbek;3;73;5;5;39000
Mirzo Ulugbek;2;50;1;4;30000
Mirzo Ulugbek;2;40;1;3;26000
Mirzo Ulugbek;2;40;5;5;31500
Yakkasaroy;1;44;2;9;27000
Yunusobod;2;60;4;5;37000
Yashnobod;1;59;3;6;23600
Uchtepa;2;47;5;5;32000
Uchtepa;4;80;1;5;70000
Uchtepa;4;80;5;5;43000
Yunusobod;3;78;4;4;55000
Mirzo Ulugbek;2;60;6;9;34000
Chilonzor;2;42;4;5;28500
Mirzo Ulugbek;2;42;2;5;33500
Mirzo Ulugbek;2;55;5;5;35000
Uchtepa;1;42;2;5;28000
Mirzo Ulugbek;2;55;4;4;35000
Yunusobod;2;50;4;4;33500
Sergeli;1;44;5;7;29000
Shayhontohur;3;70;2;4;70000
Yakkasaroy;2;36;1;4;30000
Mirzo Ulugbek;4;138;5;9;295000
Mirzo Ulugbek;2;52;1;5;31000
Yakkasaroy;3;75;6;8;115000
Yashnobod;3;75;5;9;64700
Mirzo Ulugbek;2;50;3;4;40000
Shayhontohur;3;78;6;9;55000
Mirobod;3;61;4;4;60000
Uchtepa;2;48;5;5;27500
Uchtepa;1;42;3;5;32000
Uchtepa;4;80;5;5;48000
Uchtepa;2;42;1;4;32000
Yakkasaroy;2;98;6;8;95000
Olmzor;3;70;3;4;41000
Yashnobod;3;75;4;9;62000
Mirzo Ulugbek;3;130;3;9;155000
Mirobod;4;120;1;4;135000
Sergeli;3;56;1;7;45000
Yunusobod;3;70;1;4;60000
Chilonzor;3;98;8;10;60000
Olmzor;5;100;4;4;54000
Mirobod;4;121;5;9;115000
Yunusobod;2;58;4;5;33500
Mirobod;4;92;2;5;55000
Sergeli;3;80;8;9;41000
Mirzo Ulugbek;3;72;4;4;41000
Bektemir;1;41;2;2;19000
Yunusobod;4;200;4;5;220000
Yunusobod;5;280;6;8;320000
Olmzor;4;83;5;5;40000
Yakkasaroy;3;72;3;4;95000
Mirzo Ulugbek;3;60;4;4;29000
Yakkasaroy;3;76;5;9;43500
Yakkasaroy;1;38;2;5;27500
Chilonzor;1;27;3;3;19500
Yakkasaroy;2;58;5;5;41000
Mirzo Ulugbek;4;80;5;5;47000
Mirzo Ulugbek;3;80;4;4;88000
Mirzo Ulugbek;1;36;4;4;21000
Yunusobod;5;254;1;8;285000
Yunusobod;6;252;1;8;285000
Uchtepa;1;40;2;4;26500
Yunusobod;2;52;3;4;75000
Mirobod;2;65;5;9;71000
Chilonzor;2;48;3;4;31000
Yunusobod;2;85;5;9;105000
Yashnobod;2;59;3;6;25408
Chilonzor;1;32;3;4;30000
Mirobod;3;65;2;2;32500
Mirobod;2;68;5;5;44500
Shayhontohur;3;72;8;9;55000
Yunusobod;2;65;3;4;76000
Olmzor;3;183;3;4;90000
Uchtepa;2;50;1;4;40000
Olmzor;4;130;4;4;80000
Yashnobod;1;42;4;8;14800
Olmzor;3;96;4;5;145000
Mirzo Ulugbek;3;88;2;4;132000
Chilonzor;2;84;3;7;69000
Mirzo Ulugbek;3;85;4;4;84000
Yunusobod;2;60;6;9;55000
Chilonzor;3;77;1;4;48000
Yunusobod;6;252;1;8;285000
Chilonzor;3;60;4;4;57500
Chilonzor;4;135;4;4;95000
Uchtepa;4;97;1;9;82000
Yakkasaroy;2;82;6;9;49200
Uchtepa;1;40;1;4;25500
Mirobod;4;130;3;9;105000
Yakkasaroy;2;64;1;5;42000
Uchtepa;3;72;4;9;43500
Mirzo Ulugbek;1;26;1;3;17000
Mirzo Ulugbek;3;100;5;7;70000
Yashnobod;3;72;4;4;80000
Mirobod;2;62;9;9;46000
Mirobod;3;75;3;4;75000
Mirzo Ulugbek;1;35;4;4;29000
Mirzo Ulugbek;1;41;1;5;28000
Yakkasaroy;1;39;1;5;26700
Yunusobod;4;94;1;9;66000
Olmzor;3;70;4;4;37500
Mirzo Ulugbek;3;80;3;4;115000
Chilonzor;2;50;2;4;46000
Mirzo Ulugbek;4;90;2;4;123000
Yunusobod;5;254;1;8;285000
Mirzo Ulugbek;2;42;2;4;81000
Mirzo Ulugbek;3;90;4;7;55500
Mirobod;4;121;2;8;140000
Uchtepa;4;80;3;5;52000
Chilonzor;1;30;1;3;25000
Mirzo Ulugbek;3;70;3;4;100000
Mirzo Ulugbek;3;105;5;5;100000
Mirzo Ulugbek;3;72;4;5;67000
Mirobod;5;300;3;8;425000
Yunusobod;3;70;1;4;72500
Yakkasaroy;3;105;7;10;135000
Mirzo Ulugbek;2;55;4;4;60000
Chilonzor;3;72;2;4;54000
Mirzo Ulugbek;1;40;3;4;60000
Chilonzor;4;132;3;8;88308
Shayhontohur;3;68,41;4;9;60000
Chilonzor;3;97;4;8;64505
Mirzo Ulugbek;2;59;2;4;57500
Chilonzor;3;97;3;8;64505
Mirzo Ulugbek;2;62;9;9;56500
Chilonzor;3;97;7;8;67997
Yakkasaroy;2;46;3;5;46500
Yashnobod;1;45;2;5;26000
Yunusobod;5;140;7;7;77000
Yakkasaroy;1;39;5;5;26700
Shayhontohur;4;125;1;5;118000
Mirobod;2;43;4;4;20800
Yashnobod;3;72;8;9;64000
Shayhontohur;5;150;2;2;138000
Shayhontohur;2;75;4;7;47000
Chilonzor;3;97;7;8;67997
Yunusobod;1;42;3;4;48500
Yakkasaroy;5;116;3;9;88000
Chilonzor;3;97;2;8;66445
Shayhontohur;3;68,41;4;9;60000
Mirzo Ulugbek;2;43;5;5;49000
Chilonzor;4;132;1;8;96096
Chilonzor;4;132;1;8;96096
Chilonzor;3;97;1;8;72944
Mirobod;3;110;5;9;105000
Chilonzor;3;97;1;8;72944
Sergeli;4;96;8;9;46000
Chilonzor;3;97;1;8;72750
Yashnobod;1;37;2;8;13067
Chilonzor;3;97;8;8;59849
Chilonzor;3;97;8;8;59849
Uchtepa;2;57;1;4;40000
Mirzo Ulugbek;3;126;5;6;141922
Yunusobod;2;55;5;5;29500
Mirzo Ulugbek;2;57;5;5;45000
Chilonzor;3;97;8;8;59849
Chilonzor;3;97;5;8;61692
Yunusobod;3;68;3;4;63000
Chilonzor;1;24;3;3;20000
Mirzo Ulugbek;3;80;2;4;92000
Yunusobod;3;100;2;4;88000
Yunusobod;4;82;1;2;104000
Mirobod;2;65;2;4;85000
Yunusobod;4;88;4;4;78000
Yunusobod;4;90;4;5;150000
Yakkasaroy;4;130;1;5;236000
Sergeli;3;105,6;9;9;45474
Yakkasaroy;3;70;3;3;55000
Yakkasaroy;1;43;5;16;38500
Yakkasaroy;5;115;4;5;70500
Yashnobod;3;80;2;4;74000
Chilonzor;2;42;2;4;32500
Uchtepa;2;42;1;4;34000
Chilonzor;2;40;3;4;38500
Mirobod;3;83;7;9;65000
Uchtepa;3;115;6;9;80000
Yunusobod;4;97;2;9;80000
Chilonzor;6;120;1;4;84000
Mirobod;4;200;6;9;162000
Yashnobod;3;75;5;9;79000
Mirzo Ulugbek;3;76;2;5;57000
Chilonzor;3;54;4;4;37000
Shayhontohur;3;72;8;9;42500
Olmzor;1;40;5;5;23500
Olmzor;2;60;1;4;40000
Mirzo Ulugbek;2;63;4;9;55500
Mirobod;5;120;8;9;115000
Mirobod;4;100;2;16;98000
Sergeli;5;120;9;9;59000
Mirobod;3;105;7;7;95000
Mirobod;3;94;2;7;96000
Mirzo Ulugbek;3;75;4;9;66000
Yakkasaroy;2;83;5;7;77000
Mirobod;3;75;6;9;103000
Yakkasaroy;4;105;1;9;67000
Mirobod;2;40;1;1;23500
Mirzo Ulugbek;2;60;2;4;78000
Mirobod;1;38;2;9;38000
Yakkasaroy;5;215;8;9;165000
Yunusobod;3;105;3;4;69000
Mirobod;2;90;9;12;65000
Mirobod;3;75;9;9;56000
Mirobod;3;125;4;9;130000
Mirobod;2;75;3;9;91000
Mirobod;2;80;1;9;88000
Mirobod;3;75;9;9;80000
Yakkasaroy;3;80;11;16;48000
Mirobod;2;53;3;4;54000
Yashnobod;3;140;2;4;140000
Mirobod;5;120;13;16;115000
Yakkasaroy;2;70;1;9;56000
Yakkasaroy;4;150;4;16;64000
Yunusobod;4;86;4;4;63000
Yashnobod;3;93;2;13;33776
Yunusobod;4;110;3;9;88000
Yunusobod;1;65;2;4;75500
Yunusobod;2;51;3;4;50000
Yunusobod;2;60;2;9;44500
Chilonzor;3;95;7;7;40858
Mirzo Ulugbek;3;80;5;5;36000
Chilonzor;3;68;3;5;42000
Mirzo Ulugbek;3;86;3;4;93000
Mirzo Ulugbek;5;101;6;9;86000
Mirzo Ulugbek;2;60;1;5;71000
Yunusobod;1;40;2;4;62500
Yashnobod;3;70;2;5;47000
Yunusobod;3;125;5;9;110000
Yakkasaroy;1;44;2;9;27000
Yunusobod;2;60;9;9;49999
Yashnobod;4;94;5;9;65000
Yunusobod;4;90;2;4;78000
Yunusobod;3;74;4;4;64000
Mirzo Ulugbek;3;70;4;4;32500
Mirzo Ulugbek;4;100;3;4;88000
Mirzo Ulugbek;1;38,51;3;4;21000
Mirzo Ulugbek;2;50;4;4;26500
Yunusobod;4;86;2;4;74000
Yakkasaroy;5;116;3;9;88000
Mirzo Ulugbek;2;51;4;4;25500
Yakkasaroy;3;76;5;9;43500
Mirzo Ulugbek;1;34;4;4;20500
Mirzo Ulugbek;3;70;2;4;36000
Yangihayot;2;28;1;4;23000
Yakkasaroy;2;52;4;5;32500
Shayhontohur;3;72;2;9;58500
Mirzo Ulugbek;3;110;4;7;158000
Yashnobod;2;58;5;5;31000
Yakkasaroy;5;113;4;5;70000
Mirobod;2;50;5;6;60000
Yashnobod;2;62;7;9;33500
Sergeli;2;43;2;7;31000
Yunusobod;1;34;3;4;24500
Mirzo Ulugbek;3;80;7;8;70000
Yashnobod;3;75;4;9;53000
Mirobod;3;67;2;4;60000
Mirzo Ulugbek;1;35;3;5;32500
Mirzo Ulugbek;3;88;5;9;105000
Chilonzor;4;80;3;5;45000
Yunusobod;5;105;3;5;95000
Yakkasaroy;3;90;5;5;45000
Chilonzor;3;91;3;4;49000
Mirzo Ulugbek;4;95;7;9;50000
Chilonzor;1;24;3;3;20000
Mirobod;3;85;5;9;74000
Uchtepa;4;92;3;4;62000
Yakkasaroy;1;44;2;9;27000
Sergeli;2;62;2;9;37000
Mirobod;2;55;3;4;51000
Mirobod;2;62;3;9;53000
Chilonzor;3;67;4;4;35500
Uchtepa;2;64;3;5;38000
Mirobod;1;42;5;6;60000
Yashnobod;4;100;3;4;145000
Uchtepa;2;63;9;9;33000
Mirzo Ulugbek;1;40;3;3;32500
Mirzo Ulugbek;1;40;3;3;32500
Mirzo Ulugbek;1;18;4;4;12000
Chilonzor;4;100;4;9;95000
Mirzo Ulugbek;1;41;3;4;31000
Mirzo Ulugbek;1;39;1;4;26000
Mirzo Ulugbek;1;24;2;4;13500
Mirzo Ulugbek;1;33;3;5;25500
Mirzo Ulugbek;2;45;2;4;33505
Yakkasaroy;5;116;3;9;88000
Mirzo Ulugbek;2;60;1;5;46000
Mirobod;3;180;2;7;225000
Yakkasaroy;2;42;5;9;23500
Yakkasaroy;2;43;5;9;25500
Yakkasaroy;2;54;2;9;29500
Yakkasaroy;2;64;1;5;42000
Yakkasaroy;4;96;2;5;84000
Chilonzor;1;30;1;4;24500
Yakkasaroy;4;110;4;8;71800
Yakkasaroy;2;36;2;5;37000
Mirobod;3;100;3;7;130000
Sergeli;2;50;1;4;37000
Mirzo Ulugbek;2;65;5;5;37000
Chilonzor;3;88;6;8;55000
Mirzo Ulugbek;2;64;5;5;34000
Mirobod;4;100;7;9;105000
Mirzo Ulugbek;3;69;4;4;47000
Mirzo Ulugbek;2;59;3;5;44000
Mirzo Ulugbek;3;62;3;4;37000
Yakkasaroy;2;36;2;4;29500
Yakkasaroy;2;51;4;4;33500
Mirobod;1;38;2;9;37000
Yakkasaroy;2;59;1;2;33500
Yakkasaroy;2;42;2;2;34500
Yakkasaroy;2;45;1;2;40000
Mirobod;2;52;8;8;87000
Yakkasaroy;2;53;1;9;36500
Mirobod;4;120;2;8;145000
Yakkasaroy;3;106;4;6;138000
Yakkasaroy;2;42;1;2;37000
Yakkasaroy;4;100;7;9;60000
Yakkasaroy;1;40;2;5;27500
Mirobod;4;135;5;5;215000
Mirobod;3;105;2;8;172000
Yunusobod;3;70;4;4;64500
Mirobod;4;98;1;4;64000
Yakkasaroy;2;56;4;4;37000
Mirobod;2;50;3;5;38500
Mirzo Ulugbek;3;74;8;9;50000
Yakkasaroy;4;131;7;8;85000
Mirzo Ulugbek;2;60;3;9;53000
Mirobod;4;147;3;12;136500
Yunusobod;1;42;4;4;25000
Mirzo Ulugbek;3;65;4;5;41500
Uchtepa;1;42;4;5;25500
Mirzo Ulugbek;3;74;2;9;58000
Uchtepa;2;58;2;5;33800
Mirzo Ulugbek;2;50;1;4;36500
Chilonzor;3;90;5;9;39500
Mirobod;2;62;9;9;57000
Mirzo Ulugbek;2;64;1;4;65000
Chilonzor;3;67;4;4;35500
Mirobod;4;120;1;4;135000
Yakkasaroy;2;54;1;2;37000
Yashnobod;3;63;4;5;43500
Yakkasaroy;2;55;4;5;37000
Yakkasaroy;2;60;8;9;37000
Yakkasaroy;2;48;1;4;37500
Yunusobod;2;60;2;4;75000
Mirzo Ulugbek;2;47;3;9;46500
Mirzo Ulugbek;2;40;2;5;40000
Yunusobod;2;55;5;5;31500
Mirzo Ulugbek;2;50;2;4;32000
Mirzo Ulugbek;2;55;4;4;32000
Mirzo Ulugbek;2;60;2;4;42000
Mirzo Ulugbek;1;24;3;4;15000
Yunusobod;3;81;4;4;61500
Mirzo Ulugbek;2;65;3;9;60000
Yakkasaroy;2;52;9;12;38500
Olmzor;3;113;3;4;80000
Mirzo Ulugbek;2;60;1;4;39000
Chilonzor;2;51;1;4;36500
Uchtepa;2;50;1;4;36500
Mirobod;4;130;3;9;105000
Mirzo Ulugbek;2;55;5;5;33000
Mirobod;3;113;5;5;65000
Chilonzor;2;50;5;5;42000
Chilonzor;2;51;1;4;39500
Chilonzor;5;100;2;4;68000
Uchtepa;2;54;3;5;35000
Mirzo Ulugbek;3;75;3;4;67000
Mirobod;5;235;6;7;375000
Yakkasaroy;2;48;1;4;39000
Yunusobod;3;125;3;9;82000
Yakkasaroy;2;53;9;12;39000
Yunusobod;2;60;2;9;55000
Yakkasaroy;2;53;5;8;43000
Yunusobod;4;160;3;9;105000
Yakkasaroy;2;42;2;2;39000
Yakkasaroy;2;40;1;4;40000
Yakkasaroy;2;55;3;9;40000
Mirobod;2;50;4;4;47000
Yakkasaroy;2;50;2;2;41000
Chilonzor;1;30;2;4;25700
Mirzo Ulugbek;1;26;3;4;22500
Sergeli;2;52;2;5;36500
Mirzo Ulugbek;3;80;1;4;110000
Mirzo Ulugbek;1;40;5;5;26500
Mirzo Ulugbek;1;40;4;4;25000
Shayhontohur;4;100;5;9;76000
Mirzo Ulugbek;2;50;3;4;42000
Yakkasaroy;2;52;4;4;41000
Mirobod;2;65;2;4;66000
Mirzo Ulugbek;4;140;4;5;105000
Yakkasaroy;2;48;2;3;42000
Mirobod;1;45;1;4;42000
Shayhontohur;2;74;8;9;65000
Chilonzor;2;55;2;2;44000
Mirzo Ulugbek;1;40;1;4;24000
Mirzo Ulugbek;1;36;2;4;25000
Mirzo Ulugbek;1;18;4;4;12000
Mirzo Ulugbek;1;31;2;3;20000
Yunusobod;3;72;3;4;75000
Yunusobod;3;75;1;4;107000
Yunusobod;1;43;7;9;38000
Yunusobod;4;279;1;3;150000
Yashnobod;1;52;4;5;57000
Yakkasaroy;2;50;7;8;45000
Yakkasaroy;2;53;4;5;46000
Mirobod;3;85;2;5;78000
Yakkasaroy;2;55;2;4;146000
Mirobod;3;80;3;5;72000
Mirobod;3;75;4;5;55000
Yunusobod;1;43;1;4;47500
Yunusobod;3;75;1;4;95000
Mirzo Ulugbek;3;110;5;5;105000
Yashnobod;3;86;4;9;89000
Yakkasaroy;2;69;4;9;47000
Olmzor;3;70;6;7;57000
Mirzo Ulugbek;2;60;3;5;45000
Yashnobod;3;80;1;5;78000
Mirobod;4;100;4;4;68000
Yakkasaroy;2;68;9;9;47000
Yakkasaroy;2;66;2;9;47000
Mirobod;5;110;8;9;83000
Yashnobod;3;75;6;9;82000
Yakkasaroy;2;50;2;3;47000
Yakkasaroy;2;56;4;4;47000
Mirobod;4;145;5;9;120000
Yakkasaroy;2;60;5;9;48000
Yakkasaroy;2;51;4;4;49500
Yakkasaroy;2;65;2;8;75000
Yakkasaroy;2;51;5;5;51000
Mirzo Ulugbek;3;75;1;4;90000
Mirobod;3;80;4;4;88000
Mirobod;2;65;9;9;55000
Yashnobod;2;65;5;5;68000
Yunusobod;3;75;4;4;55000
Yunusobod;1;42;1;4;50000
Mirobod;1;42;1;9;46000
Mirobod;2;68;5;5;44000
Mirobod;4;120;1;2;130000
Yashnobod;2;65;1;5;71000
Yashnobod;4;95;4;5;91000
Yashnobod;4;100;1;5;98000
Mirobod;2;50;4;4;47000
Yakkasaroy;1;30;4;5;33500
Yakkasaroy;2;50;2;5;52000
Mirobod;4;120;7;8;95000
Yashnobod;2;65;5;5;68000
Yakkasaroy;3;70;2;7;75000
Yashnobod;2;52;1;4;40000
Yashnobod;3;80;4;5;90000
Mirzo Ulugbek;3;75;6;7;69000
Yunusobod;3;131;4;8;125000
Mirzo Ulugbek;2;62;2;4;73000
Yashnobod;3;86;4;9;89000
Yakkasaroy;2;61;1;5;54000
Mirzo Ulugbek;2;50;3;4;33500
Mirobod;3;130;2;8;110000
Mirzo Ulugbek;2;64;5;5;34000
Uchtepa;4;90;5;5;42000
Mirzo Ulugbek;1;33;4;4;23000
Mirzo Ulugbek;2;51;3;4;35000
Mirzo Ulugbek;1;19;4;4;20500
Mirzo Ulugbek;2;38;2;4;35500
Mirzo Ulugbek;1;30;5;5;23500
Mirzo Ulugbek;2;52;1;2;31000
Yakkasaroy;2;52;1;3;54000
Yakkasaroy;2;57;3;4;54998
Yashnobod;2;58;4;9;39000
Mirzo Ulugbek;5;100;4;4;48000
Mirzo Ulugbek;2;60;6;9;38500
Mirzo Ulugbek;2;52;5;5;32000
Yakkasaroy;1;39;1;5;26700
Shayhontohur;4;93;9;9;56000
Yunusobod;2;63;3;4;45000
Chilonzor;1;27;3;3;19500
Yunusobod;3;70;3;4;57000
Mirzo Ulugbek;2;63;4;9;46000
Mirzo Ulugbek;1;23;2;3;17500
Yakkasaroy;4;210;5;5;250000
Mirzo Ulugbek;3;75;3;7;65000
Mirzo Ulugbek;3;80;1;4;92000
Yunusobod;1;28;3;4;26500
Sergeli;3;90;3;9;45000
Mirzo Ulugbek;2;50;2;4;48000
Yakkasaroy;3;79;8;9;74000
Mirobod;5;110;5;9;135000
Mirobod;3;76;7;16;63000
Mirobod;4;110;9;9;85000
Yashnobod;3;87;8;9;43000
Sergeli;5;108;4;5;46500
Mirobod;4;150;6;9;145000
Yakkasaroy;2;65;2;9;48500
Chilonzor;2;43;2;4;36000
Mirzo Ulugbek;6;347;3;9;240000
Yakkasaroy;5;280;1;8;280000
Yunusobod;1;40;3;5;30000
Mirobod;3;100;7;9;90000
Mirobod;3;105;7;8;93000
Shayhontohur;1;43;3;4;38500
Olmzor;2;53;2;4;23500
Mirobod;3;80;2;4;80000
Sergeli;2;59;2;7;25000
Yakkasaroy;3;75;5;9;47000
Olmzor;1;42;4;5;22800
Mirzo Ulugbek;3;83;5;8;110000
Mirobod;3;80;8;9;53000
Mirobod;2;60;8;9;32000
Mirobod;2;60;9;9;35000
Yunusobod;1;25;3;4;23501
Mirobod;2;60;5;8;42000
Sergeli;2;73;3;7;35200
Yakkasaroy;4;190;7;8;200000
Yakkasaroy;2;100;8;8;120000
Shayhontohur;2;46;5;9;24500
Yunusobod;3;60;3;4;33200
Mirzo Ulugbek;3;80;7;9;90000
Olmzor;3;70;2;4;55000
Yakkasaroy;3;90;3;4;120000
Mirzo Ulugbek;3;70;9;9;45000
Yakkasaroy;3;80;1;10;95000
Yakkasaroy;3;80;4;4;80000
Mirobod;3;103;4;8;103000
Mirobod;2;63;6;16;76000
Yakkasaroy;1;39;2;5;26500
Yakkasaroy;2;64;1;5;42000
Yakkasaroy;3;67;7;9;47000
Yakkasaroy;3;67;4;4;52000
Yakkasaroy;4;105;1;4;135000
Shayhontohur;3;107;4;4;75000
Yakkasaroy;6;191;1;4;240000
Yashnobod;2;60;4;8;55000
Mirzo Ulugbek;2;52;2;4;40500
Yunusobod;3;67;4;5;46000
Yashnobod;3;70;2;9;70000
Mirzo Ulugbek;3;65;9;9;45500
Mirzo Ulugbek;2;48;2;5;39000
Mirzo Ulugbek;3;70;4;5;61000
Sergeli;3;75;1;7;60000
Yashnobod;3;90;3;8;192000
Sergeli;6;150;1;7;120000
Yashnobod;3;80;4;9;65000
Shayhontohur;3;92;5;8;123000
Olmzor;4;96;4;4;51999
Yunusobod;4;80;3;4;95000
Yunusobod;2;50;7;9;39000
Mirzo Ulugbek;2;52;2;4;40500
Shayhontohur;3;96;4;8;110000
Chilonzor;2;52;3;4;36000
Yakkasaroy;4;140;9;12;121861
Mirzo Ulugbek;4;135;3;4;129000
Shayhontohur;3;76;5;5;60000
Chilonzor;3;153;2;9;112000
Chilonzor;4;107;4;4;84000
Uchtepa;1;41;1;5;35000
Olmzor;4;210;4;9;85000
Yashnobod;3;79;4;9;62000
Uchtepa;1;44;5;5;24000
Uchtepa;4;96;8;9;67000
Uchtepa;3;72;5;5;45500
Uchtepa;2;45;1;4;35000
Yakkasaroy;3;110;3;6;285000
Mirobod;3;135;5;5;160000
Mirzo Ulugbek;3;75;3;4;72000
Mirobod;4;125;5;6;290000
Mirobod;2;45;5;6;56000
Yakkasaroy;2;52;1;3;54000
Yakkasaroy;2;57;3;4;55000
Yakkasaroy;2;57;2;3;55000
Mirobod;2;48;3;4;34000
Mirzo Ulugbek;1;46;2;4;60000
Mirzo Ulugbek;3;118;2;7;72000
Yunusobod;3;58;4;4;68000
Uchtepa;4;82;4;5;47500
Mirobod;2;62;9;12;53000
Yakkasaroy;2;51;5;5;56000
Yakkasaroy;2;58;1;4;57997
Yakkasaroy;2;50;4;4;59000
Mirobod;3;105;5;9;110000
Uchtepa;2;65;7;9;36500
Yakkasaroy;4;96;3;9;63000
Shayhontohur;4;90;1;4;105000
Mirobod;2;60;3;9;48000
Yunusobod;3;70;2;5;47500
Yakkasaroy;2;60;2;3;60000
Yakkasaroy;2;72;7;9;64000
Mirobod;3;75;2;9;74000
Yakkasaroy;2;54;3;4;65000
Shayhontohur;1;30;1;4;29000
Yakkasaroy;2;59;2;4;65000
Mirzo Ulugbek;1;33;1;4;29000
Yakkasaroy;2;61;2;3;67000
Mirzo Ulugbek;4;214;2;8;380000
Yakkasaroy;2;55;4;5;67000
Mirzo Ulugbek;2;52;2;4;33000
Yakkasaroy;2;54;2;4;69000
Chilonzor;3;70;3;4;48000
Uchtepa;4;100;6;9;60000
Uchtepa;3;65;1;4;46600
Chilonzor;3;70;3;3;40000
Shayhontohur;3;82;8;9;46500
Yakkasaroy;3;189;1;4;142500
Chilonzor;2;54;3;4;36000
Shayhontohur;3;74;4;4;46500
Mirzo Ulugbek;4;140;5;8;295000
Mirzo Ulugbek;3;71;4;4;60000
Yakkasaroy;2;63;4;4;72500
Uchtepa;1;42,16;1;4;29000
Yunusobod;2;54;2;4;38000
Chilonzor;2;54;3;5;40000
Yunusobod;3;70;1;9;69000
Yakkasaroy;4;90;3;4;90000
Mirzo Ulugbek;3;75;4;9;67000
Shayhontohur;2;68;9;9;30000
Shayhontohur;2;63;9;9;30000
Yakkasaroy;2;58;2;5;60000
Yakkasaroy;2;60;5;8;74500
Yakkasaroy;2;77;4;4;87500
Mirzo Ulugbek;2;56;5;5;47000
Olmzor;4;80;1;4;53500
Chilonzor;3;72;8;9;40000
Chilonzor;3;90;3;4;58000
Mirzo Ulugbek;2;60;8;9;48500
Mirobod;2;60;8;9;48500
Mirzo Ulugbek;2;80;6;6;70000
Mirzo Ulugbek;3;74;4;9;55000
Mirobod;2;52;4;4;45000
Mirzo Ulugbek;2;55;4;4;60000
Mirobod;2;66;2;4;72000
Mirobod;2;52;2;4;54000
Mirzo Ulugbek;2;56;2;4;62000
Mirzo Ulugbek;2;65;2;3;67998
Mirzo Ulugbek;2;65;2;4;62000
Mirzo Ulugbek;2;60;1;5;70000
Mirzo Ulugbek;1;40;5;9;50000
Mirzo Ulugbek;1;50;5;9;56000
Yunusobod;1;40;4;4;40000
Yunusobod;2;60;4;4;65000
Mirzo Ulugbek;3;69;2;5;54000
Chilonzor;3;67;3;4;57000
Yashnobod;2;104;7;7;130000
Olmzor;3;45;8;9;50000
Uchtepa;2;47;3;4;34500
Shayhontohur;3;82;3;3;67000
Olmzor;2;56;3;5;32000
Chilonzor;3;70;8;9;47400
Yakkasaroy;3;52;4;4;54000
Uchtepa;2;40;4;5;31000
Mirobod;3;75;7;9;90000
Uchtepa;2;52;1;4;36500
Mirobod;2;48;3;5;42000
Mirzo Ulugbek;3;83;3;4;90999
Mirzo Ulugbek;3;84;3;4;107000
Mirzo Ulugbek;3;75;3;4;69000
Yunusobod;3;130;2;9;220000
Yunusobod;3;112;2;9;130000
Yunusobod;3;73;2;9;110000
Mirobod;3;74;2;9;93000
Yunusobod;3;100;2;4;89000
Mirzo Ulugbek;3;84;2;4;91998
Yunusobod;3;70;1;4;50000
Yakkasaroy;3;75;1;4;73000
Yunusobod;2;54;9;9;50000
Yashnobod;4;96;3;5;93000
Yunusobod;4;178;7;8;250000
Chilonzor;2;49;1;4;34500
Uchtepa;1;36;4;7;32000
Uchtepa;3;62;2;4;42200
Yashnobod;2;46;2;4;28500
Mirzo Ulugbek;4;85;2;4;75000
Chilonzor;2;52;2;4;37000
Olmzor;3;70;9;9;41000
Chilonzor;2;42;3;4;37000
Chilonzor;3;68;4;4;44000
Chilonzor;3;90;11;12;58000
Mirobod;4;152;2;8;380000
Chilonzor;2;52;4;5;41000
Chilonzor;2;42;3;4;30000
Yunusobod;3;80;1;5;59000
Yakkasaroy;7;225;7;8;190000
Yakkasaroy;2;90;3;4;90000
Mirzo Ulugbek;4;130;3;4;195000
Mirzo Ulugbek;3;66;2;5;63000
Yunusobod;5;145;3;5;250000
Yakkasaroy;1;30;4;4;28000
Shayhontohur;3;70;3;9;58000
Sergeli;1;44,9;9;9;19335
Yunusobod;4;82;1;4;85500
Yunusobod;3;84;9;9;55000
Uchtepa;1;72,5;2;5;47000
Yashnobod;1;36;1;4;28500
Yashnobod;3;84;4;4;45000
Yashnobod;3;65;3;4;36000
Yashnobod;1;40;8;9;20500
Yashnobod;2;58;2;5;33500
Chilonzor;2;46;1;4;28000
Chilonzor;3;65;4;4;43500
Yashnobod;3;68;1;5;44000
Yashnobod;1;45;5;12;25800
Yunusobod;3;87,27;7;9;75000
Olmzor;3;78;5;5;45000
Yashnobod;4;50;1;4;35000
Mirzo Ulugbek;2;60;2;9;61000
Olmzor;1;45;4;4;26000
Yunusobod;2;60;9;9;55000
Yakkasaroy;3;93;5;8;95000
Mirzo Ulugbek;2;53;2;2;29000
Olmzor;2;54;1;4;35000
Chilonzor;2;50;3;4;34500
Yunusobod;2;62;9;9;38000
Mirobod;2;42;4;4;50000
Chilonzor;6;161;2;9;155000
Uchtepa;2;58;5;9;28200
Mirzo Ulugbek;1;21;1;4;21000
Mirzo Ulugbek;2;46;4;4;29000
Mirobod;2;45;3;9;59000
Yunusobod;4;82,96;3;5;53000
Yakkasaroy;2;75;5;8;115000
Chilonzor;3;72;3;9;46000
Mirobod;3;80;1;4;79900
Mirzo Ulugbek;3;85;3;4;87000
Mirzo Ulugbek;4;119;2;7;190000
Chilonzor;2;58;9;9;47000
Uchtepa;3;73;6;9;37000
Uchtepa;2;58;3;9;33000
Uchtepa;2;60;8;9;35000
Uchtepa;4;85;3;5;63000
Mirzo Ulugbek;2;50;2;4;35500
Mirzo Ulugbek;3;100;4;8;76000
Mirzo Ulugbek;3;70;4;5;44000
Chilonzor;2;64;2;4;38000
Olmzor;3;72;2;4;41500
Mirobod;1;32;4;4;29900
Mirzo Ulugbek;4;145;2;5;160000
Mirobod;4;92;5;5;60000
Yashnobod;2;62;9;9;35000
Yunusobod;4;92;2;5;68000
Mirobod;2;60;5;9;52000
Yakkasaroy;3;94;8;8;96000
Sergeli;2;62;4;4;28000
Mirzo Ulugbek;3;100;6;6;84500
Yunusobod;4;90;2;4;48500
Chilonzor;4;110;2;9;63000
Yunusobod;4;111;4;9;139500
Mirobod;3;80;1;2;32000
Mirobod;3;65;1;4;64000
Mirzo Ulugbek;3;70;1;1;33000
Yashnobod;3;65;1;2;30000
Mirzo Ulugbek;2;60;2;5;34700
Mirzo Ulugbek;2;37;2;9;17700
Yakkasaroy;4;90;5;5;45000
Mirzo Ulugbek;2;47;4;4;27500
Yashnobod;3;70;1;5;42000
Yashnobod;3;93;3;4;57000
Yashnobod;2;66;5;5;33500
Chilonzor;2;42;1;4;32000
Mirobod;4;147;3;12;132000
Yunusobod;3;68;3;4;35000
Mirobod;2;32;1;5;17500
Mirzo Ulugbek;1;18;2;4;14000
Mirzo Ulugbek;2;70;2;4;42900
Yashnobod;1;20;2;4;12498
Mirzo Ulugbek;1;17;2;4;17000
Yashnobod;1;14;1;1;10600
Mirzo Ulugbek;1;20;2;4;14000
Yakkasaroy;3;80;12;16;47500
Yunusobod;2;40;1;3;26000
Yashnobod;1;18;3;4;12300
Yashnobod;1;18;3;4;12500
Chilonzor;2;51;3;4;35999
Mirzo Ulugbek;3;75;4;5;56001
Mirzo Ulugbek;5;110;2;5;85000
Mirobod;3;100;7;8;75000
Yunusobod;2;45;1;4;34800
Uchtepa;3;71;4;5;48600
Chilonzor;2;54;1;4;34000
Chilonzor;2;54;1;4;34000
Shayhontohur;4;96;9;12;65000
Yangihayot;3;56;5;7;42000
Uchtepa;1;43;3;4;27000
Yunusobod;4;100;4;5;70000
Uchtepa;4;77,32;2;5;55000
Olmzor;3;67,53;5;5;33000
Mirzo Ulugbek;4;113;5;8;67500
Mirzo Ulugbek;2;60;1;4;39000
Mirzo Ulugbek;2;60;6;9;34000
Uchtepa;2;42;4;5;28500
Mirzo Ulugbek;2;58;4;4;33000
Mirzo Ulugbek;2;46;5;5;25000
Yakkasaroy;2;45;5;9;23000
Yakkasaroy;2;52;1;4;41000
Shayhontohur;3;91;4;9;120000
Shayhontohur;2;54;11;12;34000
Shayhontohur;2;48;3;5;41500
Yunusobod;3;43,31;1;4;45000
Shayhontohur;2;54;1;4;41500
Shayhontohur;1;24;1;4;29000
Chilonzor;4;130;2;5;107000
Yakkasaroy;1;33;4;5;31000
Yakkasaroy;1;33;4;5;31000
Uchtepa;4;100;8;9;58000
Chilonzor;4;84;4;5;56000
Mirzo Ulugbek;4;116;1;7;155000
Mirzo Ulugbek;2;50;4;4;33000
Mirzo Ulugbek;2;60;5;5;36000
Chilonzor;1;40;4;9;34000
Mirzo Ulugbek;2;56;3;5;32000
Mirzo Ulugbek;2;62,5;5;5;36500
Mirzo Ulugbek;2;42;2;5;33500
Chilonzor;4;173;6;9;135000
Chilonzor;2;46,23;2;4;37000
Chilonzor;5;188;2;8;160000
Chilonzor;2;58;6;9;46000
Chilonzor;3;75;9;9;55000
Uchtepa;2;45;5;5;31000
Uchtepa;3;78;4;4;52000
Uchtepa;2;57;4;5;39000
Uchtepa;2;54;4;5;37000
Uchtepa;4;75;5;5;45000
Uchtepa;4;92;1;4;57000
Chilonzor;3;64;4;4;49500
Chilonzor;3;69;2;4;55500
Chilonzor;4;75;2;4;51500
Chilonzor;4;80;5;5;55000
Uchtepa;4;95;5;9;55000
Uchtepa;3;75;6;9;43999
Mirobod;3;90;5;12;96000
Mirzo Ulugbek;4;100;9;9;105000
Uchtepa;3;72;7;9;43000
Mirzo Ulugbek;5;140;3;8;98000
Uchtepa;2;50;3;5;38500
Yunusobod;3;103;4;4;160000
Uchtepa;3;78;5;5;38000
Olmzor;2;56;1;4;40000
Uchtepa;2;48;5;5;25500
Olmzor;3;72;1;4;56000
Mirobod;3;70;2;4;66000
Mirzo Ulugbek;4;76;2;4;79999
Chilonzor;1;42;6;9;22000
Mirobod;5;117;1;9;136000
Yunusobod;3;77;2;5;51000
Sergeli;2;62;4;4;28000
Yakkasaroy;3;80;2;3;45000
Olmzor;3;72;5;7;47000
Mirobod;4;100;3;4;105000
Mirzo Ulugbek;2;67;3;4;42200
Mirzo Ulugbek;2;62;5;5;36000
Yakkasaroy;4;150;7;7;112000
Mirzo Ulugbek;2;60;5;5;34000
Mirobod;3;66;4;4;67000
Shayhontohur;5;97,53;5;5;50000
Mirzo Ulugbek;3;95;5;5;50000
Mirzo Ulugbek;3;75;3;4;67000
Uchtepa;4;90;5;5;42500
Mirzo Ulugbek;4;92;3;5;62000
Mirzo Ulugbek;2;48;1;4;50000
Mirzo Ulugbek;4;86;9;9;38499
Mirzo Ulugbek;2;40;3;4;45500
Mirzo Ulugbek;5;100;4;4;46000
Mirzo Ulugbek;2;40;3;5;45500
Mirzo Ulugbek;2;53;2;4;45500
Yunusobod;2;50;4;4;46500
Yunusobod;1;40;3;4;47000
Mirzo Ulugbek;2;64;4;5;35500
Mirzo Ulugbek;2;43;5;5;47500
Yashnobod;2;70;2;4;37000
Mirzo Ulugbek;3;94;2;5;67000
Yunusobod;2;47;4;4;44000
Mirzo Ulugbek;5;100;4;4;48000
Mirzo Ulugbek;2;60;3;4;43500
Mirzo Ulugbek;4;78;1;4;51500
Mirzo Ulugbek;2;55,47;4;4;38000
Mirzo Ulugbek;2;60;4;9;55000
Yunusobod;2;54;2;3;35000
Sergeli;4;100;3;9;45000
Yunusobod;4;214;4;7;100000
Mirobod;4;160;4;9;180000
Shayhontohur;3;72;1;5;57700
Mirzo Ulugbek;2;57;1;2;29500
Shayhontohur;2;60;8;9;38000
Yashnobod;4;141;2;8;87500
Yunusobod;2;50;4;4;33500
Mirzo Ulugbek;2;63;4;5;36000
Shayhontohur;2;84;3;4;69999
Yashnobod;2;58,5;3;6;23400
Chilonzor;1;38;4;4;23000
Yashnobod;1;38;4;4;26000
Mirobod;4;121;2;10;140000
Mirobod;1;30;1;2;23000
Mirobod;2;112;9;9;94000
Yunusobod;3;78;2;5;49000
Yashnobod;1;36;1;4;25000
Yakkasaroy;2;78;6;7;85000
Mirobod;4;100;7;9;105000
Mirobod;1;50;9;16;52000
Olmzor;2;75;1;9;38000
Uchtepa;3;73;4;9;48000
Yakkasaroy;4;86;2;4;68000
Yunusobod;2;50;2;4;41000
Mirzo Ulugbek;2;60;8;8;38000
Mirobod;2;100;9;9;15000
Yashnobod;2;53;7;9;44000
Chilonzor;3;72;6;9;63000
Uchtepa;1;40;1;5;25500
Sergeli;4;100;1;9;90000
Uchtepa;1;38;4;4;25500
Uchtepa;3;80;1;9;50000
Uchtepa;5;150;6;9;108000
Uchtepa;2;56;5;5;37000
Uchtepa;2;55;4;4;31500
Uchtepa;4;80;2;4;58000
Uchtepa;3;65;4;4;39500
Yakkasaroy;4;200;1;8;128000
Yunusobod;3;70;3;9;64000
Mirobod;2;68;4;9;55000
Chilonzor;5;108;2;4;54000
Mirobod;3;110;1;2;110000
Chilonzor;3;70;4;9;50000
Yunusobod;2;60;8;13;42000
Chilonzor;2;65;9;9;31500
Yashnobod;3;75;6;9;86000
Yunusobod;4;96;1;9;75000
Yunusobod;3;67;4;4;40000
Yakkasaroy;2;83;4;8;77000
Olmzor;2;58;6;8;42000
Chilonzor;1;37;3;4;26000
Mirobod;5;112;6;9;90000
Mirobod;3;85;3;9;82999
Chilonzor;3;98;2;7;71000
Chilonzor;2;63;8;9;50000
Chilonzor;2;47;2;4;33000
Chilonzor;1;39;4;4;23000
Chilonzor;2;60;5;9;50000
Mirzo Ulugbek;1;22;2;3;15000
Uchtepa;4;100;5;5;44000
Mirobod;3;78;2;4;76000
Uchtepa;1;40;2;5;30500
Uchtepa;3;67;1;4;45000
Mirobod;3;70;4;4;58500
Uchtepa;4;91;4;4;52500
Uchtepa;3;76;3;4;51000
Uchtepa;3;63;4;4;35500
Uchtepa;3;70;1;4;63000
Uchtepa;2;70;4;5;40000
Mirobod;4;208;7;8;208000
Uchtepa;3;65;3;4;51000
Mirobod;3;110;4;6;295000
Yashnobod;4;86;3;4;78000
Mirobod;3;115;8;9;87000
Mirzo Ulugbek;3;100;2;6;110000
Yunusobod;2;50;2;3;35500
Chilonzor;2;58;6;9;45500
Olmzor;3;91;2;7;37000
Mirobod;3;182;4;7;250000
Chilonzor;3;93;7;9;50562
Mirzo Ulugbek;3;80;5;5;39000
Mirzo Ulugbek;2;50;1;4;30000
Mirzo Ulugbek;2;40;1;3;26000
Mirzo Ulugbek;2;60;2;4;36000
Mirzo Ulugbek;2;45;1;4;36000
Yunusobod;3;74;5;5;40500
Mirzo Ulugbek;2;40;5;5;31500
Yashnobod;3;80;6;9;80000
Uchtepa;1;34;4;4;22000
Chilonzor;2;67;1;6;46000
Chilonzor;4;115;5;6;89000
Chilonzor;3;111;5;6;85000
Chilonzor;2;48;4;4;35000
Mirzo Ulugbek;3;78;5;5;39000
Chilonzor;3;68;4;4;45000
Yakkasaroy;3;75;6;9;80000
Mirzo Ulugbek;2;44;3;4;31000
Yunusobod;3;90;4;4;55000
Mirzo Ulugbek;2;60;6;9;34000
Mirzo Ulugbek;2;43;1;4;30500
Uchtepa;2;45;4;5;28500
Yunusobod;3;70;3;9;41000
Mirzo Ulugbek;3;72;5;5;45000
Chilonzor;3;70;3;4;52000
Chilonzor;3;68;2;4;53000
Chilonzor;2;42;4;4;31000
Chilonzor;1;30;3;4;28500
Mirzo Ulugbek;3;95;5;5;50000
Yunusobod;1;28;3;5;25000
Yunusobod;2;52;3;4;33000
Mirzo Ulugbek;2;43;4;4;28500
Yunusobod;4;100;8;9;53000
Mirzo Ulugbek;2;50;5;5;35000
Yunusobod;2;50;4;4;32000
Yunusobod;2;58;3;9;34000
Mirzo Ulugbek;2;55;5;5;35000
Yunusobod;3;78;4;5;43000
Yunusobod;2;50;4;4;33500
Yunusobod;4;85;3;4;57000
Yunusobod;3;78;5;5;43000
Mirzo Ulugbek;2;50;2;4;35500
Yunusobod;3;76;4;4;41000
Yunusobod;4;100;7;9;53000
Yunusobod;4;86;3;5;55000
Yakkasaroy;3;85;3;4;90000
Yunusobod;2;54;2;3;29000
Yunusobod;2;57;2;2;24000
Mirzo Ulugbek;4;93;3;4;56700
Yunusobod;5;110;3;9;68000
Mirobod;2;45;2;9;37000
Yakkasaroy;2;54;5;5;35500
Shayhontohur;2;60;3;4;42000
Yunusobod;3;78;6;9;45000
Yakkasaroy;3;85;3;4;85000
Yunusobod;4;100;4;9;60000
Yunusobod;3;78;3;5;59500
Mirzo Ulugbek;4;78;1;5;49994
Yunusobod;1;38;3;4;48499
Yunusobod;2;60;9;9;50000
Mirzo Ulugbek;2;50;3;4;51500
Yunusobod;2;62;9;9;52000
Mirzo Ulugbek;2;61;9;9;56500
Mirzo Ulugbek;1;45;5;18;57000
Mirzo Ulugbek;3;77;4;4;65500
Yunusobod;3;68;3;4;68000
Mirzo Ulugbek;3;73;4;4;68000
Yunusobod;2;60;1;9;70500
Yunusobod;4;83;2;4;71000
Yunusobod;4;87;3;4;72500
Yunusobod;3;80;2;4;72500
Mirzo Ulugbek;3;70;1;4;72500
Yunusobod;4;90;2;4;78000
Yunusobod;4;88;4;4;78000
Mirzo Ulugbek;3;73;4;4;78000
Yunusobod;4;82;3;4;81000
Mirzo Ulugbek;2;42;2;4;81000
Mirzo Ulugbek;3;100;6;6;84000
Mirzo Ulugbek;4;110;3;9;88000
Mirzo Ulugbek;3;80;3;4;111000
Yunusobod;4;80;3;4;94000
Mirzo Ulugbek;3;90;5;5;50000
Yashnobod;3;75;8;9;40000
Mirzo Ulugbek;3;70;5;5;46500
Mirobod;3;65;4;4;38500
Mirzo Ulugbek;5;100;4;4;48000
Chilonzor;2;53;1;4;41500
Yunusobod;3;80;4;4;62000
Chilonzor;2;63;5;9;39500
Chilonzor;2;56;5;12;38500
Yashnobod;2;70;2;4;37000
Chilonzor;2;45;2;4;35000
Yunusobod;3;70;4;4;46200
Yunusobod;4;92;5;5;41500
Shayhontohur;3;80;2;8;86000
Olmzor;2;52;1;5;35000
Mirobod;4;100;2;4;110000
Yashnobod;2;97;6;8;155000
Chilonzor;1;29;3;4;30000
Mirobod;2;115;7;8;160000
Mirzo Ulugbek;4;120;5;5;100000
Mirzo Ulugbek;2;60;3;4;102000
Mirobod;4;112;4;9;87000
Shayhontohur;3;96;4;7;110000
Mirzo Ulugbek;2;56;1;2;35000
Yunusobod;1;33;2;4;24300
Chilonzor;1;29;3;4;30000
Uchtepa;2;60;1;9;28000
Chilonzor;2;45;2;4;37000
Mirobod;1;42;7;9;45000
Mirobod;2;65;4;9;80000
Chilonzor;4;80;5;5;52000
Mirobod;3;65;3;4;65000
Chilonzor;3;96;2;9;65000
Yashnobod;7;360;5;6;300000
Yashnobod;2;60;4;5;70000
Yunusobod;1;50;7;9;37500
Mirzo Ulugbek;5;200;1;5;195000
Mirobod;2;61;6;9;52000
Uchtepa;3;74;6;9;43200
Chilonzor;3;96;2;4;85000
Chilonzor;3;90;10;12;63000
Chilonzor;2;52;1;4;41000
Chilonzor;5;140;4;9;120000
Chilonzor;2;52;1;4;40000
Chilonzor;3;97;1;4;130000
Mirobod;4;180;4;7;210000
Chilonzor;2;45;4;4;37500
Mirobod;3;80;2;4;80000
Chilonzor;3;56;4;4;44500
Mirobod;1;40;3;4;59500
Chilonzor;2;50;2;4;42500
Olmzor;2;70;5;7;43000
Chilonzor;1;29;1;4;26500
Chilonzor;3;62;2;4;47000
Mirobod;3;75;7;9;65000
Yashnobod;2;87;4;6;39150
Chilonzor;2;64;4;4;42200
Chilonzor;3;67;4;4;46000
Mirobod;4;119;6;9;84500
Chilonzor;3;75;7;9;69000
Yashnobod;3;84;6;6;33600
Chilonzor;3;97;1;4;130000
Mirobod;4;180;4;7;210000
Chilonzor;2;45;4;4;37500
Mirobod;3;80;2;4;80000
Chilonzor;3;56;4;4;44500
Mirobod;1;40;3;4;59500
Chilonzor;2;50;2;4;42500
Olmzor;2;70;5;7;43000
Chilonzor;1;29;1;4;26500
Chilonzor;3;62;2;4;47000
Mirobod;3;75;7;9;65000
Yashnobod;2;87;4;6;39150
Chilonzor;2;64;4;4;42200
Chilonzor;3;67;4;4;46000
Mirobod;4;119;6;9;84500
Chilonzor;3;75;7;9;69000
Yashnobod;3;84;6;6;33600
Olmzor;5;96;4;4;51000
Yunusobod;2;60;7;9;63000
Chilonzor;3;111;5;6;80000
Olmzor;3;102;2;7;74970
Shayhontohur;3;75;12;12;36000
Chilonzor;3;110;4;5;100000
Chilonzor;2;68;4;6;68000
Uchtepa;4;107;1;2;60000
Uchtepa;4;100;9;9;50000
Sergeli;3;78;1;5;49200
Uchtepa;4;98;5;9;60700
Yunusobod;2;43;1;2;24000
Uchtepa;3;92;6;9;60000
Mirzo Ulugbek;3;86;9;9;44000
Chilonzor;3;60;4;5;47000
Mirzo Ulugbek;4;132;4;5;87000
Mirzo Ulugbek;2;48;4;4;29500
Chilonzor;3;90;5;9;52000
Chilonzor;3;68;8;9;37500
Uchtepa;2;48;2;4;40000
Yashnobod;2;64;7;9;57000
Chilonzor;3;92;5;9;98000
Yakkasaroy;4;90;3;4;89999
Uchtepa;4;88;5;5;45000
Mirzo Ulugbek;3;83;6;16;83000
Mirzo Ulugbek;1;38;3;4;22000
Chilonzor;3;68;2;4;44000
Uchtepa;4;95;2;9;70000
Olmzor;3;70;1;7;79000
Yunusobod;3;68;2;4;55000
Chilonzor;2;50;2;4;38500
Uchtepa;4;100;3;12;55000
Uchtepa;4;95;2;5;62000
Mirzo Ulugbek;2;60;3;5;35000
Mirzo Ulugbek;3;70;2;4;60000
Yashnobod;2;48;2;3;31000
Yunusobod;3;110;3;7;110000
Mirzo Ulugbek;3;78;3;4;120000
Mirzo Ulugbek;3;100;2;4;130000
Mirzo Ulugbek;4;96;4;4;83000
Mirzo Ulugbek;3;72;2;4;65000
Mirzo Ulugbek;3;90;2;9;58000
Mirobod;3;200;1;7;320000
Yunusobod;3;95;2;4;62000
Mirobod;4;170;8;9;95000
Mirzo Ulugbek;2;78;3;4;75000
Yakkasaroy;3;100;5;5;100000
Mirobod;5;120;8;12;90000
Mirobod;5;200;8;9;125000
Mirobod;4;90;7;9;96000
Mirobod;4;125;9;9;105000
Mirobod;3;75;9;9;79000
Yashnobod;3;140;3;4;130000
Mirobod;2;100;8;9;145000
Yakkasaroy;4;80;12;16;55000
Yunusobod;3;68;4;4;70000
Mirzo Ulugbek;3;152;5;8;285000
Uchtepa;3;94;5;9;85000
Yunusobod;3;74;4;4;48000
Yakkasaroy;2;55;4;5;47000
Mirobod;4;90;2;4;105000
Yakkasaroy;3;85;9;16;61000
Mirobod;3;80;8;10;75000
Mirobod;2;79;1;2;60000
Yakkasaroy;3;70;1;4;75000
Mirobod;3;120;10;10;118000
Shayhontohur;3;69;1;9;45000
Yashnobod;5;120;7;9;88000
Chilonzor;2;46;1;4;45000
Uchtepa;2;55;4;4;35000
Olmzor;2;60;3;4;36000
Olmzor;2;60;9;9;32900
Mirzo Ulugbek;4;120;2;6;120000
Shayhontohur;3;96;4;8;105000
Chilonzor;4;100;2;9;63000
Yunusobod;1;35;3;4;18500
Chilonzor;4;105;4;9;70000
Yashnobod;1;18;2;4;11000
Chilonzor;4;94;3;9;66000
Uchtepa;2;55;4;4;35000
Mirzo Ulugbek;3;75;8;9;41500
Mirzo Ulugbek;2;64;1;4;65000
Yakkasaroy;3;100;3;7;128000
Mirobod;3;105;7;8;95000
Sergeli;3;77;1;5;85000
Shayhontohur;2;80;2;7;45000
Mirzo Ulugbek;2;54;3;5;46500
Mirzo Ulugbek;3;72;9;9;34500
Mirzo Ulugbek;2;52;2;7;42000
Mirzo Ulugbek;2;53;5;5;37000
Mirzo Ulugbek;2;50;3;9;46500
Yakkasaroy;1;30;1;4;31500
Mirzo Ulugbek;3;75;4;4;68000
Mirzo Ulugbek;2;65;4;4;60000
Mirzo Ulugbek;2;47;1;2;41000
Yashnobod;3;70;4;4;42500
Mirzo Ulugbek;2;51;2;4;45000
Mirzo Ulugbek;2;51;2;4;47000
Shayhontohur;4;100;5;9;71000
Yakkasaroy;1;43,5;2;7;28700
Yakkasaroy;2;60;2;5;47000
Yunusobod;4;82;4;5;55000
Mirzo Ulugbek;2;45;4;4;27500
Mirzo Ulugbek;2;54;4;4;30000
Yashnobod;2;58;4;5;36000
Mirzo Ulugbek;2;47;3;5;36500
Mirzo Ulugbek;2;60;2;4;37500
Mirzo Ulugbek;2;65;3;4;42000
Mirobod;3;85;5;9;74000
Mirzo Ulugbek;3;74;5;5;50000
Sergeli;1;50;9;9;22907
Chilonzor;2;48;1;4;37000
Mirzo Ulugbek;3;68;2;4;57000
Mirzo Ulugbek;3;84;7;8;75000
Mirzo Ulugbek;4;92;4;4;130000
Mirobod;2;51;5;5;50000
Yakkasaroy;1;35;2;3;34500
Mirzo Ulugbek;3;83;5;5;83000
Chilonzor;1;36;2;5;26500
Chilonzor;1;42;2;9;25000
Chilonzor;2;50;4;5;34500
Chilonzor;1;35;4;4;24500
Chilonzor;2;50;1;4;35000
Yunusobod;4;90;2;4;48500
Yunusobod;4;106;1;6;106000
Yunusobod;3;78;7;9;38000
Olmzor;5;200;1;9;102000
Chilonzor;2;50;1;4;31500
Chilonzor;1;45;2;5;29500
Uchtepa;3;68;2;5;49500
Chilonzor;2;48;1;4;34500
Shayhontohur;3;80;2;8;68000
Mirzo Ulugbek;3;68;9;9;31000
Chilonzor;3;67,68;3;4;47000
Mirobod;2;75;2;10;103000
Yakkasaroy;1;38;3;5;36000
Yunusobod;3;68;4;4;44000
Yunusobod;2;60;2;9;45000
Mirobod;3;70;2;3;75000
Yunusobod;3;73;2;9;62000
Mirobod;2;65;4;4;60000
Yakkasaroy;1;39;2;5;26700
Yunusobod;5;140;5;9;102000
Mirzo Ulugbek;2;60;3;4;52000
Mirobod;2;62;5;9;53500
Mirobod;3;75;6;9;80000
Mirobod;4;110;6;9;85000
Olmzor;3;80;6;9;49000
Uchtepa;3;60;3;5;38000
Mirobod;3;160;6;8;219000
Shayhontohur;3;70;3;9;55000
Mirzo Ulugbek;4;200;2;7;500000
Yunusobod;2;62;4;9;55000
Uchtepa;3;70;4;5;40000
Yunusobod;2;55;2;5;32500
Yakkasaroy;3;90;5;8;85000
Mirzo Ulugbek;3;136;2;8;130000
Yunusobod;3;72;4;4;65000
Yakkasaroy;3;75;7;9;63000
Chilonzor;2;54;1;4;32500
Chilonzor;2;55;2;4;33500
Mirzo Ulugbek;2;45;4;4;29000
Chilonzor;2;54;4;4;33000
Mirzo Ulugbek;2;38;5;5;27500
Shayhontohur;3;108;7;7;90000
Mirzo Ulugbek;2;60;6;9;38500
Mirzo Ulugbek;2;65;5;5;37000
Mirzo Ulugbek;5;150;3;7;150000
Mirobod;1;30;4;4;48000
Yunusobod;4;85;2;4;80000
Yunusobod;2;50;4;4;44000
Yunusobod;3;84;8;9;41000
Yunusobod;2;62;1;5;41000
Mirzo Ulugbek;2;60;5;5;32000
Mirzo Ulugbek;2;60;8;9;45000
Mirzo Ulugbek;2;60;8;9;31501
Mirzo Ulugbek;2;60;8;9;39500
Mirzo Ulugbek;3;90;6;9;42000
Yashnobod;1;30;3;3;24000
Mirzo Ulugbek;1;23;3;3;22500
Yashnobod;4;114;1;9;40000
Mirzo Ulugbek;2;40;2;2;25000
Mirobod;2;54;4;4;41500
Mirzo Ulugbek;3;75;2;4;60000
Mirzo Ulugbek;3;78;4;4;62000
Mirobod;4;120;1;4;135000
Chilonzor;2;40;2;4;36500
Mirobod;3;65;5;9;74000
Yunusobod;2;60;2;4;41500
Mirobod;2;65;2;6;89000
Mirobod;2;60;5;16;69000
Yakkasaroy;3;125;4;8;150000
Mirobod;4;200;2;4;125000
Mirobod;4;160;4;9;195000
Mirobod;4;160;4;9;160000
Uchtepa;2;47;3;4;30000
Mirobod;3;70;2;4;67000
Yakkasaroy;3;80;7;16;42000
Mirobod;3;88;5;5;49000
Yunusobod;4;116;7;9;73000
Mirzo Ulugbek;3;93;2;9;88000
Mirzo Ulugbek;3;70;4;5;46500
Yunusobod;2;50;1;4;35000
Mirzo Ulugbek;4;77;3;4;43998
Mirzo Ulugbek;2;55;5;5;31500
Uchtepa;2;49;4;9;37000
Yunusobod;2;60;2;9;44500
Chilonzor;2;64;4;4;47000
Mirzo Ulugbek;2;43;5;5;47500
Yunusobod;2;56;3;4;35000
Olmzor;2;72;4;5;55000
Yunusobod;4;100;1;4;75000
Sergeli;1;40;9;9;17200
Mirobod;3;115;7;10;115000
Shayhontohur;3;110;7;8;120000
Mirobod;3;85;3;9;85000
Yakkasaroy;1;30;4;4;23500
Mirobod;1;52;9;9;52000
Mirzo Ulugbek;2;60;8;9;37000
Yashnobod;1;30;3;4;23500
Chilonzor;1;32;2;4;25000
Chilonzor;2;50;2;4;34500
Chilonzor;2;60;5;9;36000
Chilonzor;1;40;1;5;25500
Chilonzor;2;60;5;9;39000
Chilonzor;2;50;3;5;34500
Chilonzor;2;56;2;4;36500
Chilonzor;1;42;4;9;25000
Chilonzor;1;45;2;5;29500
Chilonzor;2;60;3;5;36500
Chilonzor;2;46;4;4;29500
Mirobod;2;70;7;8;65000
Mirzo Ulugbek;2;63;3;4;41000
Mirobod;2;60;6;9;49000
Mirzo Ulugbek;2;70;4;4;36500
Mirobod;2;88;2;12;70000
Mirzo Ulugbek;2;47;1;5;50000
Mirobod;3;75;7;9;115000
Mirzo Ulugbek;2;60;6;9;33000
Olmzor;4;86;2;4;46000
Yashnobod;2;54;2;2;22000
Yashnobod;4;95;3;5;43000
Chilonzor;3;58,9;3;4;55000
Mirobod;5;115;6;9;90000
Yashnobod;3;77;2;5;85000
Shayhontohur;3;76;6;9;55000
Sergeli;4;96;5;5;38500
Uchtepa;4;90;3;5;62000
Yakkasaroy;2;48;5;9;23000
Yakkasaroy;1;39;2;5;26700
Yunusobod;2;51;4;4;38000
Shayhontohur;2;58;2;4;49000
Mirzo Ulugbek;5;110;5;5;51000
Uchtepa;2;58;2;4;31500
Mirzo Ulugbek;3;78;3;5;52000
Mirobod;2;65;3;9;53000
Uchtepa;2;58;7;9;36500
Mirzo Ulugbek;4;100;4;5;60000
Mirzo Ulugbek;3;60;3;4;37700
Uchtepa;2;63;4;4;37000
Mirobod;3;75;6;10;115000
Mirobod;4;200;5;8;270000
Mirobod;2;60;2;4;62000
Mirobod;4;100;4;4;90000
Mirobod;3;120;4;4;99000
Sergeli;5;120;5;9;56000
Mirobod;2;88;2;12;70000
Mirzo Ulugbek;3;60;3;3;37700
Yashnobod;6;270;2;4;270000
Yunusobod;3;73;5;9;58000
Yunusobod;5;118;2;5;66000
Olmzor;4;140;5;5;110000
Mirobod;4;180;3;7;267000
Sergeli;3;110;9;10;53089
Yunusobod;2;60;2;4;60000
Shayhontohur;1;40;5;5;23000
Mirzo Ulugbek;3;80;1;4;107000
Yunusobod;3;137;3;8;200000
Shayhontohur;4;95;2;5;75000
Yunusobod;4;100;3;5;78000
Yunusobod;2;53;1;4;39700
Yashnobod;2;50;4;4;32000
Yashnobod;2;57;5;5;32000
Mirzo Ulugbek;2;50;1;4;31500
Mirzo Ulugbek;3;60;3;4;37500
Mirzo Ulugbek;2;43;4;4;31500
Mirzo Ulugbek;2;52;1;4;31500
Mirzo Ulugbek;2;48;2;4;31500
Mirzo Ulugbek;2;60;5;5;31500
Mirzo Ulugbek;2;53;3;4;31000
Mirzo Ulugbek;2;40;1;3;25500
Olmzor;4;85;2;4;56000
Yakkasaroy;4;121;7;9;105000
Mirzo Ulugbek;2;45;4;4;31000
Mirzo Ulugbek;2;52;4;4;31000
Yashnobod;2;62;9;9;30000
Mirzo Ulugbek;2;50;4;4;30000
Mirobod;3;80;2;4;78000
Mirzo Ulugbek;2;55;1;2;29500
Mirzo Ulugbek;2;50;1;4;29500
Yunusobod;4;215;7;9;180000
Mirzo Ulugbek;1;35;4;4;27500
Mirzo Ulugbek;2;45;3;7;43000
Mirzo Ulugbek;2;38;4;5;33000
Shayhontohur;3;72;3;4;54000
Chilonzor;4;105;6;9;60000
Mirobod;3;85;9;9;59800
Mirobod;1;38;4;4;46500
Chilonzor;1;30;1;3;25000
Yashnobod;5;110;3;5;58000
Mirzo Ulugbek;2;50;1;4;31000
Yakkasaroy;3;126;1;8;76000
Mirzo Ulugbek;2;60;3;4;102000
Yunusobod;2;51;1;4;39500
Mirzo Ulugbek;2;48;3;4;28500
Mirzo Ulugbek;2;48;4;4;28000
Mirzo Ulugbek;2;50;4;5;28000
Mirzo Ulugbek;1;38;5;5;23000
Mirzo Ulugbek;2;35;1;5;26000
Mirzo Ulugbek;2;48;3;4;26000
Mirzo Ulugbek;2;50;2;3;25000
Mirzo Ulugbek;2;54;5;9;23500
Yashnobod;3;130;2;9;99000
Yunusobod;3;92;4;5;49000
Mirobod;4;100;8;9;95000
Yakkasaroy;2;52;3;4;75000
Chilonzor;3;114;3;9;160000
Mirzo Ulugbek;3;80;6;7;75000
Chilonzor;4;125;3;9;210000
Chilonzor;4;125;6;9;250000
Yunusobod;3;70;3;4;75000
Yunusobod;2;52;1;4;63000
Uchtepa;2;46;4;4;32500
Mirzo Ulugbek;2;50;5;5;29500
Chilonzor;2;47;5;5;27000
Uchtepa;2;47;1;4;34500
Yashnobod;3;68;2;4;65000
Yashnobod;3;70;9;9;39800
Yakkasaroy;3;84;7;9;55800
Mirobod;2;63;1;9;31500
Yashnobod;2;48;5;9;55000
Mirzo Ulugbek;3;94;2;9;85000
Chilonzor;4;95;3;4;95000
Mirzo Ulugbek;2;70;3;6;85000
Mirzo Ulugbek;2;80;4;9;59000
Mirzo Ulugbek;3;105;3;6;126000
Mirzo Ulugbek;3;86;5;6;103000
Chilonzor;3;70;9;9;49000
Mirzo Ulugbek;4;118;6;9;105000
Yunusobod;2;60;9;9;30000
Mirzo Ulugbek;4;98;6;9;52000
Yunusobod;2;51;4;4;34000
Yunusobod;2;60;9;9;35000
Mirzo Ulugbek;1;41;5;5;23500
Chilonzor;2;47;4;4;28500
Uchtepa;2;47;2;5;33500
Mirzo Ulugbek;1;38;3;4;26500
Mirzo Ulugbek;1;40;5;5;26500
Mirzo Ulugbek;1;42;4;4;28000
Yashnobod;1;43;3;4;31000
Mirzo Ulugbek;1;39;2;5;34000
Yashnobod;1;41;2;4;34500
Mirzo Ulugbek;1;33;5;5;25500
Mirzo Ulugbek;1;30;4;4;25000
Yunusobod;1;50;7;9;37000
Mirzo Ulugbek;4;79;4;4;27000
Yakkasaroy;2;48;5;9;23000
Mirzo Ulugbek;6;200;7;7;105000
Yakkasaroy;1;28;1;4;45000
Uchtepa;3;100;2;4;67000
Mirobod;3;75;5;9;110000
Sergeli;4;100;7;9;45800
Mirobod;4;200;6;8;220000
Mirobod;6;170;2;9;165000
Mirobod;2;65;7;9;70000
Mirobod;3;75;6;9;88000
Mirzo Ulugbek;3;75;7;9;65000
Mirzo Ulugbek;3;78;3;4;55000
Shayhontohur;4;130;4;4;72000
Mirzo Ulugbek;3;94;2;9;51000
Shayhontohur;2;60;1;5;54000
Uchtepa;4;80;3;5;58800
Mirzo Ulugbek;3;80;5;5;39000
Mirzo Ulugbek;2;50;1;4;30000
Mirzo Ulugbek;3;100;2;6;120000
Mirzo Ulugbek;2;40;1;3;26000
Mirzo Ulugbek;2;40;5;5;31500
Yakkasaroy;4;96;9;9;52000
Yashnobod;2;44;4;4;30500
Chilonzor;4;85;4;5;47500
Mirzo Ulugbek;3;68;3;4;40000
Shayhontohur;3;92;4;8;99000
Yunusobod;3;76;4;4;55000
Shayhontohur;2;68;4;4;42000
Mirzo Ulugbek;2;60;6;9;33500
Uchtepa;2;42;4;5;28500
Mirzo Ulugbek;2;42;2;5;33500
Chilonzor;2;60;2;4;42000
Mirzo Ulugbek;2;50;5;5;35000
Yunusobod;2;49,44;4;4;31000
Mirzo Ulugbek;3;75;4;5;48000
Mirzo Ulugbek;2;55;4;4;35000
Yunusobod;2;50;4;4;33500
Yakkasaroy;3;68;4;5;59000
Mirobod;3;86;2;4;135000
Yunusobod;3;66;3;4;75000
Mirobod;3;132;3;4;65000
Yashnobod;2;56;5;5;29500
Yakkasaroy;4;90;5;5;46000
Yakkasaroy;2;64;1;5;42000
Yunusobod;3;68;3;5;42100
Mirobod;1;36;1;4;65000
Yunusobod;2;60;3;5;44000
Chilonzor;3;72;8;9;65000
Olmzor;2;60;2;4;41000
Shayhontohur;4;84;2;4;55000
Yakkasaroy;2;65;5;9;48000
Olmzor;3;91;3;3;85000
Yunusobod;3;105;5;6;66455
Uchtepa;4;100;1;4;62000
Shayhontohur;2;62;8;9;47500
Yunusobod;2;52;5;9;41000
Yunusobod;3;105;4;6;66847
Yakkasaroy;2;55;4;4;38500
Yakkasaroy;2;50;3;4;36000
Yakkasaroy;4;100;2;9;66500
Mirzo Ulugbek;2;70;3;9;90000
Chilonzor;2;65;9;9;35000
Olmzor;5;110;5;5;63500
Mirzo Ulugbek;1;29;2;4;23990
Mirobod;1;47,5;4;4;48900
Yunusobod;4;100;2;5;70000
Yunusobod;3;55;1;4;54000
Uchtepa;3;80;5;5;36000
Chilonzor;2;50;4;5;33500
Chilonzor;2;60;4;4;36500
Chilonzor;1;42;6;9;27500
Chilonzor;3;75;5;9;74500
Chilonzor;1;42;2;5;28500
Chilonzor;1;42;4;5;26500
Sergeli;1;50,3;9;9;21660
Yunusobod;3;75;5;5;37000
Yunusobod;2;60;3;4;41000
Chilonzor;4;100;4;9;90000
Yunusobod;2;60;1;4;40000
Chilonzor;3;68;4;4;38000
Chilonzor;3;70;4;4;37000
Chilonzor;3;67;4;4;36500
Chilonzor;3;68;1;5;44000
Yunusobod;2;55;2;5;30000
Chilonzor;2;60;8;9;34500
Sergeli;1;48;8;9;22907
Yunusobod;2;74;3;6;46835
Chilonzor;3;70;4;4;37500
Chilonzor;3;72;3;9;47000
Chilonzor;3;67;2;4;42000
Chilonzor;2;60;4;4;36000
Chilonzor;2;57;4;5;36500
Chilonzor;2;50;4;5;32000
Chilonzor;2;54;1;4;35500
Chilonzor;2;50;2;4;36000
Chilonzor;2;50;2;5;37500
Chilonzor;2;60;3;9;38000
Chilonzor;2;60;3;9;37000
Yunusobod;3;66,19;4;4;40000
Yunusobod;2;60;4;5;38000
Yunusobod;1;38;3;4;25000
Yunusobod;1;40;4;4;22500
Yunusobod;2;55;1;4;31500
Mirzo Ulugbek;2;51,33;4;4;42000
Yunusobod;2;55;4;4;30000
Yunusobod;1;40;4;5;24500
Yunusobod;2;65;1;4;34000
Yunusobod;4;100;2;5;51000
Mirzo Ulugbek;3;120;4;9;155000
Yunusobod;3;150;8;9;165000
Uchtepa;4;92;8;9;45000
Mirzo Ulugbek;4;120;4;8;160000
Yunusobod;2;60;1;4;41000
Olmzor;1;22;7;9;15500
Yunusobod;2;67;2;9;38000
Shayhontohur;1;42;8;9;21000
Yunusobod;2;60;1;5;39000
Yunusobod;2;60;3;5;34500
Yunusobod;2;60;3;5;41500
Yunusobod;3;70;3;4;37000
Yunusobod;2;57,6;4;4;35000
Yakkasaroy;1;46;10;12;27598
Yunusobod;2;55;3;4;34000
Yunusobod;2;55;2;7;41000
Sergeli;1;40;9;9;18332
Yakkasaroy;1;30;3;4;26500
Shayhontohur;4;85;2;5;55000
Shayhontohur;4;85;2;5;55000
Yunusobod;1;45;2;6;28481
Mirobod;3;72;4;4;46000
Mirzo Ulugbek;3;70;4;4;51500
Mirobod;2;65;9;9;47000
Mirzo Ulugbek;3;116;6;9;72356
Mirzo Ulugbek;5;176;1;9;69724
Mirobod;2;56;3;5;40000
Sergeli;3;69;9;9;31622
Yakkasaroy;1;45;6;7;55710
Yakkasaroy;1;45;9;17;57853
Yashnobod;4;84;5;5;41000
Yunusobod;2;61;2;5;39500
Yunusobod;4;110;5;6;69620
Chilonzor;2;50;2;4;32999
Yunusobod;3;70;4;4;52000
Mirzo Ulugbek;3;77,47;5;5;50000
Yakkasaroy;1;37;9;10;26500
Sergeli;1;46,7;9;9;20110
Mirzo Ulugbek;3;87,65;10;11;56491
Yunusobod;4;110;6;6;69620
Mirzo Ulugbek;3;68;4;5;82000
Yunusobod;1;45;2;6;28481
Sergeli;3;74;5;7;44000
Olmzor;3;70;3;4;41000
Sergeli;2;88,9;9;9;38282
Yakkasaroy;3;80;5;8;42000
Mirzo Ulugbek;4;108,27;10;11;69780
Mirzo Ulugbek;3;87,05;7;11;60260
Chilonzor;2;58;4;4;37500
Yunusobod;3;105;4;6;66455
Mirzo Ulugbek;4;80;2;5;75000
Yashnobod;1;49,88;4;6;32245
Mirzo Ulugbek;5;191;8;9;93128
Chilonzor;1;46;2;5;37500
Yakkasaroy;3;93;14;17;119562
Yunusobod;3;108;6;9;75000
Yashnobod;6;160;6;7;82000
Mirzo Ulugbek;4;150;4;8;180000
Chilonzor;1;30;2;4;23000
Mirobod;3;130;2;8;110000
Chilonzor;2;52;4;4;33000
Olmzor;3;69;1;4;50000
Mirobod;2;60;4;9;80000
Mirzo Ulugbek;2;40;1;3;25500
Chilonzor;2;60;6;9;40000
Mirobod;2;60;8;9;83000
Mirobod;1;53;7;9;51000
Mirobod;2;62;3;9;75000
Chilonzor;4;80;5;5;43000
Chilonzor;3;75;2;8;75000
Sergeli;4;100;7;9;45800
Mirzo Ulugbek;2;63;5;8;37197
Yunusobod;2;60;1;4;37000
Yunusobod;2;74;3;6;46835
Uchtepa;3;70;5;5;41500
Yunusobod;2;80;3;6;50633
Mirzo Ulugbek;4;72;2;5;58000
Mirzo Ulugbek;3;87,65;8;11;58583
Yakkasaroy;2;75;10;17;96421
Mirzo Ulugbek;3;85;5;9;50000
Mirzo Ulugbek;2;56,97;5;5;40000
Yunusobod;2;58;3;4;32000
Yunusobod;3;70;5;5;40000
Yunusobod;1;43;1;4;33000
Olmzor;2;57;4;5;33600
Uchtepa;2;60;7;9;36500
Yunusobod;5;110;5;5;47000
Mirobod;2;58;6;9;48000
Mirzo Ulugbek;4;129,18;10;11;83257
Mirobod;2;65;8;9;43000
Uchtepa;1;42;1;5;26000
Mirzo Ulugbek;1;42;4;9;32500
Sergeli;1;54,9;9;9;23641
Mirobod;2;49;1;4;35000
Shayhontohur;4;120;4;5;95000
Mirzo Ulugbek;3;119;7;9;74280
Mirobod;4;122;3;5;65000
Uchtepa;3;72;4;9;43500
Uchtepa;3;68;2;4;40000
Mirobod;2;60;3;9;54000
Sergeli;3;70;2;9;42000
Mirobod;2;63;4;9;76000
Mirzo Ulugbek;2;65;4;12;52500
Uchtepa;1;36;3;4;25500
Yakkasaroy;2;74;3;8;52148
Sergeli;2;86,6;9;9;37292
Sergeli;2;74;9;9;33903
Uchtepa;1;43;1;5;25200
Yakkasaroy;1;39;1;5;27500
Mirobod;4;123;4;5;64000
Mirzo Ulugbek;1;44;2;4;25000
Mirzo Ulugbek;2;24;5;9;14000
Mirzo Ulugbek;7;217;8;9;105805
Mirobod;4;135;5;6;290000
Yunusobod;2;58;4;4;37000
Mirzo Ulugbek;2;62;2;9;44000
Mirobod;3;74;3;9;70000
Mirobod;3;74;2;9;73999
Mirzo Ulugbek;3;85;1;9;52500
Yunusobod;2;45;4;5;35500
Sergeli;3;75;6;9;55000
Mirzo Ulugbek;2;65;5;9;65000
Mirzo Ulugbek;3;80;4;4;88000
Yashnobod;2;62;7;9;44000
Mirobod;5;225;5;8;530000
Mirobod;2;62;7;9;70000
Chilonzor;2;40;3;4;38500
Chilonzor;2;63,09;5;9;42000
Chilonzor;2;45;3;4;41000
Chilonzor;3;77,5;8;10;49600
Chilonzor;2;63,09;5;9;42000
Shayhontohur;3;78;8;12;45000
Chilonzor;3;100;6;9;78000
Mirzo Ulugbek;5;110;3;4;86000
Mirzo Ulugbek;3;86;2;4;55000
Olmzor;3;205,8;1;6;95000
Yashnobod;2;44;2;9;21000
Sergeli;5;130;5;9;64000
Yashnobod;2;47;3;4;28500
Uchtepa;2;57,95;11;12;29500
Olmzor;3;205,8;1;6;95000
Mirobod;4;120;1;4;135000
Shayhontohur;2;65;6;9;57000
Mirobod;1;42;2;9;38000
Mirzo Ulugbek;4;95;6;8;115000
Yashnobod;2;58;3;4;57000
Shayhontohur;3;70;6;7;58000
Mirzo Ulugbek;4;125;5;9;131500
Yunusobod;1;39;3;9;33500
Mirobod;4;121;6;10;110000
Mirobod;2;62;1;9;67000
Yashnobod;2;48;3;4;36000
Yashnobod;3;70;1;4;46000
Mirzo Ulugbek;5;336;8;9;504000
Yakkasaroy;3;147;3;8;225000
Yunusobod;3;70;1;4;78000
Yakkasaroy;5;213;8;9;185000
Yashnobod;3;78;2;9;72000
Mirzo Ulugbek;2;52,19;3;9;37000
Chilonzor;3;63;3;4;43000
Yashnobod;4;92;4;5;53999
Chilonzor;4;125;4;4;75000
Mirobod;4;100;1;9;145000
Shayhontohur;2;58;6;9;44500
Sergeli;2;63;7;16;33539
Mirzo Ulugbek;3;70;8;9;56000
Mirzo Ulugbek;3;75;5;9;62000
Shayhontohur;4;95;4;9;75000
Yunusobod;1;37;3;4;31000
Mirobod;3;130;9;12;50000
Shayhontohur;5;168;5;9;62000
Olmzor;4;120;4;5;95000
Yakkasaroy;2;48;5;9;23000
Sergeli;3;95;9;9;43524
Mirobod;2;56;3;5;38500
Shayhontohur;3;85;4;12;53000
Yunusobod;1;36;3;4;20500
Yashnobod;2;56;5;5;29500
Yashnobod;3;70;2;5;35500
Yashnobod;3;70;2;4;39500
Yashnobod;3;78;4;4;38500
Yashnobod;3;78;5;5;36000
Yashnobod;2;51;4;7;27000
Yashnobod;4;160;4;4;85000
Olmzor;3;90;5;5;120000
Yakkasaroy;2;77;6;8;56000
Mirobod;3;90;9;9;63000
Mirobod;4;120;4;8;160000
Yakkasaroy;4;150;7;8;160000
Mirobod;4;120;5;9;145000
Mirzo Ulugbek;3;120;4;9;155000
Yunusobod;2;52;2;5;32500
Yakkasaroy;6;142;1;9;135000
Uchtepa;2;53;1;4;34500
Yashnobod;4;140;8;8;230000
Yunusobod;2;51;3;4;26500
Shayhontohur;2;57;2;5;37000
Uchtepa;1;38;1;4;27500
Yashnobod;2;54;4;4;31500
Mirobod;2;62;2;4;76000
Uchtepa;2;45;4;4;26000
Mirobod;4;110;9;9;70000
Sergeli;2;57;1;7;34800
Mirobod;4;110;4;4;45000
Mirzo Ulugbek;1;70;4;5;38500
Yashnobod;3;58;1;5;40000
Olmzor;2;56,47;2;4;35000
Yunusobod;3;68;1;4;43000
Yunusobod;2;60;1;5;39000
Yunusobod;4;106;1;6;105000
Yunusobod;4;86;2;5;70000
Yunusobod;2;60;1;5;42000
Yunusobod;3;70;2;4;48000
Sergeli;2;41;2;3;29000
Olmzor;1;42;1;5;23500
Sergeli;2;59;1;5;38500
Shayhontohur;2;50;8;12;29900
Mirzo Ulugbek;3;95;5;18;66000
Sergeli;4;91;4;5;43000
Shayhontohur;2;50;8;12;29900
Yashnobod;1;29,7;1;1;20500
Mirzo Ulugbek;1;36;3;4;25000
Chilonzor;2;60;7;9;39985
Mirzo Ulugbek;4;85;2;4;69990
Shayhontohur;4;139;6;7;150000
Uchtepa;3;57;2;5;55000
Mirzo Ulugbek;4;65;4;4;63000
Yunusobod;1;44;2;7;60000
Chilonzor;3;96;2;4;88000
Mirzo Ulugbek;4;106;9;11;106000
Mirzo Ulugbek;2;50;5;5;34500
Uchtepa;1;42;2;4;25700
Mirobod;4;182;2;7;335000
Chilonzor;1;42;3;4;26200
Chilonzor;1;30;2;4;25700
Mirzo Ulugbek;2;46;2;4;46500
Yakkasaroy;3;105;5;10;125000
Mirzo Ulugbek;2;46;5;5;38000
Yashnobod;2;35;7;9;19000
Yunusobod;4;155;5;8;125000
Yakkasaroy;3;150;3;8;225000
Uchtepa;3;70;1;5;48000
Uchtepa;4;86;5;5;46000
Mirzo Ulugbek;2;46;5;5;39000
Yunusobod;3;78;4;4;48000
Mirobod;3;72;2;9;82000
Chilonzor;3;75;5;9;55000
Mirzo Ulugbek;2;60;1;4;47500
Mirobod;3;75;2;9;74000
Mirzo Ulugbek;2;70;3;9;90000
Chilonzor;3;61;3;4;38000
Shayhontohur;3;92;4;8;115000
Yunusobod;2;55;3;4;58000
Olmzor;3;75;5;5;50000
Mirzo Ulugbek;2;65;4;4;57000
Mirzo Ulugbek;1;30;4;4;22000
Mirzo Ulugbek;3;90;2;9;51000
Olmzor;4;98;6;9;71000
Shayhontohur;1;42;2;4;37000
Mirzo Ulugbek;2;52;4;5;36000
Mirzo Ulugbek;3;80;1;5;51000
Chilonzor;3;48;4;5;39500
Sergeli;1;39;5;5;21000
Chilonzor;4;125;6;9;250000
Mirzo Ulugbek;2;60;4;4;31500
Mirzo Ulugbek;3;94;5;5;50000
Mirobod;4;160;2;9;365000
Yakkasaroy;1;45;9;10;28000
Mirzo Ulugbek;2;62;3;5;55000
Yashnobod;2;52;1;4;41000
Mirobod;4;282;7;8;305000
Mirzo Ulugbek;3;78;5;5;39000
Mirzo Ulugbek;2;40;2;4;35500
Chilonzor;1;26;1;4;29500
Olmzor;2;74;4;9;41000
Mirzo Ulugbek;3;67;9;9;29900
Mirzo Ulugbek;2;60;3;9;45000
Yunusobod;4;140;4;8;100000
Chilonzor;1;30;2;4;25400
Chilonzor;2;60;4;9;46500
Mirobod;2;60;3;9;54000
Yakkasaroy;3;70;4;5;60000
Yakkasaroy;4;138;2;8;145000
Uchtepa;1;36;3;4;25200
Yakkasaroy;2;48;5;9;23000
Mirzo Ulugbek;3;78;3;4;47000
Chilonzor;2;43;2;4;42000
Mirobod;4;182;5;7;340000
Mirzo Ulugbek;3;65;3;5;52000
Yashnobod;1;36;1;4;28000
Mirzo Ulugbek;1;35;2;5;25500
Mirzo Ulugbek;3;73;5;9;57000
Yashnobod;4;105;6;9;60000
Chilonzor;2;43;1;4;33500
Yunusobod;3;78;5;5;36500
Mirobod;2;63;4;9;76000
Mirzo Ulugbek;3;90;5;5;45000
Sergeli;5;118;4;9;57993
Yunusobod;3;75;4;4;52000
Mirzo Ulugbek;3;74;5;9;62000
Mirobod;4;150;3;8;54000
Yunusobod;1;41;1;4;30000
Chilonzor;3;120;2;8;160000
Mirzo Ulugbek;4;97;4;9;95600
Mirobod;5;110;5;9;140000
Uchtepa;3;72;9;9;40000
Mirzo Ulugbek;3;94;16;23;118000
Mirobod;2;115;7;8;160000
Yakkasaroy;2;45;1;4;40000
Mirobod;2;97;6;8;155000
Sergeli;4;100;1;4;87000
Mirzo Ulugbek;3;41;5;5;45000
Yakkasaroy;4;60;4;4;75000
Chilonzor;3;70;1;4;48000
Mirobod;3;88;5;5;55000
Mirobod;3;110;2;8;169000
Chilonzor;3;70;3;4;55000
Yunusobod;3;80;2;4;90000
Olmzor;3;73;2;5;55000
Mirzo Ulugbek;2;67;3;4;42200
Mirzo Ulugbek;4;100;2;4;95000
Mirobod;3;75;6;9;59500
Uchtepa;2;51;1;5;43500
Mirobod;2;55;2;4;26300
Shayhontohur;1;70;6;7;57500
Mirzo Ulugbek;3;68;4;4;47000
Shayhontohur;3;101;3;7;105000
Yakkasaroy;2;50;3;12;42000
Mirobod;1;40;4;4;46500
Mirzo Ulugbek;3;75;4;5;47000
Mirobod;3;75;8;9;85000
Yashnobod;3;86;5;9;75000
Mirzo Ulugbek;2;60;3;4;102000
Yashnobod;2;58;4;9;55000
Chilonzor;4;125;3;9;210000
Chilonzor;3;114;2;9;160000
Chilonzor;1;30;4;4;27700
Shayhontohur;3;90;12;12;37000
Mirzo Ulugbek;3;70;4;4;61000
Olmzor;4;100;2;9;57000
Sergeli;3;79,3;13;16;38448
Mirzo Ulugbek;3;91;3;5;51000
Uchtepa;3;80;4;4;50000
Mirzo Ulugbek;2;55;7;7;57000
Chilonzor;3;75;5;9;57000
Mirobod;2;45;6;9;58000
Mirzo Ulugbek;2;90;2;9;51000
Chilonzor;2;52;2;4;41500
Chilonzor;3;65;4;4;42000
Chilonzor;2;45;2;4;32000
Bektemir;3;56;4;4;28100
Yunusobod;3;78;4;4;55000
Mirzo Ulugbek;2;60;6;9;34000
Mirobod;4;90;6;9;73000
Mirzo Ulugbek;3;73;5;5;52000
Mirzo Ulugbek;1;20;3;4;12100
Uchtepa;2;42;4;5;28500
Mirobod;3;105;7;9;125000
Mirzo Ulugbek;2;42;2;5;33500
Bektemir;2;30;1;4;26100
Mirobod;2;55;5;5;35000
Mirzo Ulugbek;2;50;5;5;35000
Mirzo Ulugbek;2;55;4;4;35000
Yunusobod;2;50;4;4;33500
Shayhontohur;4;130;2;3;106000
Yunusobod;1;45;4;4;26000
Mirzo Ulugbek;1;42;1;4;26500
Yakkasaroy;2;64;1;5;42000
Shayhontohur;2;42;8;9;29999
Chilonzor;2;50;2;4;45000
Yashnobod;2;30;7;9;21500
Chilonzor;2;45;1;4;39000
Mirzo Ulugbek;1;24;1;4;19000
Yakkasaroy;2;49;5;9;23000
Yakkasaroy;5;116;4;9;72000
Chilonzor;2;40;4;4;30000
Chilonzor;1;49;3;12;33500
Chilonzor;2;45;4;4;35500
Yunusobod;4;215;7;9;185000
Yakkasaroy;3;93;5;7;75000
Yakkasaroy;3;91;3;4;73000
Mirzo Ulugbek;1;22;4;4;19000
Shayhontohur;6;130;7;9;56000
Yunusobod;4;95,13;8;9;68000
Yashnobod;2;55;4;5;54000
Sergeli;2;59,8;16;16;27288
Mirzo Ulugbek;2;94;1;5;32000
Yunusobod;3;70;3;3;66000
Yunusobod;3;70;4;4;63000
Yunusobod;4;105;4;4;160000
Yakkasaroy;2;56;7;12;36500
Mirzo Ulugbek;3;70;4;4;64000
Mirzo Ulugbek;3;82;4;4;88000
Yakkasaroy;3;110;4;6;295000
Shayhontohur;2;55;2;5;55000
Chilonzor;3;72;2;4;63000
Mirzo Ulugbek;3;80;4;4;81000
Mirobod;2;115;7;8;160000
Mirobod;2;97;6;8;155000
Chilonzor;4;96;2;4;58000
Chilonzor;3;78;6;9;44500
Mirzo Ulugbek;2;58;4;4;33000
Shayhontohur;3;65;3;4;54000
Mirzo Ulugbek;2;57;7;9;29000
Mirzo Ulugbek;2;60;8;9;38000
Yunusobod;2;58;5;9;42000
Mirzo Ulugbek;2;50;4;4;28700
Mirobod;1;55;2;9;61000
Shayhontohur;3;45;2;5;28000
Yunusobod;3;70;3;4;67000
Mirzo Ulugbek;2;50;4;4;35500
Mirobod;3;85;5;9;74000
Mirobod;3;80;1;9;100000
Yunusobod;3;68;3;4;68000
Shayhontohur;6;154;4;5;129500
Yunusobod;4;82;1;4;86000
Mirobod;3;75;2;9;74000
Yakkasaroy;3;100;5;5;100000
Yunusobod;3;78;4;4;56000
Yashnobod;1;26;1;4;22000
Uchtepa;1;36;3;4;25500
Olmzor;3;91;3;3;85000
Yunusobod;3;65;4;4;53500
Chilonzor;3;103;4;4;160000
Yunusobod;5;183,5;4;5;203000
Chilonzor;3;75;1;4;60000
Yunusobod;1;67;8;9;42500
Yunusobod;4;94;1;9;66000
Yashnobod;4;130;1;5;155000
Shayhontohur;2;60;5;9;45000
Mirobod;3;75;4;4;70000
Mirobod;3;106;1;4;120000
Mirobod;3;90;3;4;125000
Sergeli;4;98;2;7;65000
Uchtepa;2;49;3;4;34500
Mirzo Ulugbek;3;80;4;4;90000
Yakkasaroy;2;48;5;9;23000
Mirzo Ulugbek;3;73;9;9;45000
Chilonzor;4;125;6;9;250000
Mirzo Ulugbek;3;70;2;5;66000
Chilonzor;3;114;2;9;160000
Yakkasaroy;2;48;1;4;38000
Uchtepa;1;39;3;4;25000
Shayhontohur;3;75;2;9;52000
Mirzo Ulugbek;3;94;16;23;118000
Mirobod;3;110;2;8;169000
Yakkasaroy;2;72;5;16;72000
Mirzo Ulugbek;3;90;2;9;51000
Shayhontohur;3;78;3;5;51000
Mirzo Ulugbek;3;75;5;5;38000
Mirzo Ulugbek;2;50;1;4;30000
Yunusobod;2;65;1;4;34500
Mirzo Ulugbek;2;40;1;3;26000
Yakkasaroy;3;70;4;5;68000
Yunusobod;3;78;4;4;55000
Olmzor;3;64;7;9;58000
Mirzo Ulugbek;2;48;1;4;31000
Chilonzor;1;41;3;4;25800
Uchtepa;2;42;4;5;28500
Shayhontohur;3;80;2;4;72000
Mirzo Ulugbek;2;42;2;5;33500
Yashnobod;3;72;5;9;65000
Shayhontohur;2;70;5;7;56000
Mirzo Ulugbek;2;55;5;5;35000
Mirzo Ulugbek;3;63;2;4;46000
Mirzo Ulugbek;2;50;5;5;35000
Mirzo Ulugbek;2;55;4;4;35000
Mirobod;3;313;5;5;65000
Yakkasaroy;6;213;8;9;165000
Shayhontohur;6;260;1;4;259000
Yunusobod;2;50;4;4;33500
Mirzo Ulugbek;1;42;1;4;26499
Mirzo Ulugbek;3;70;2;3;46500
Mirobod;3;65;1;2;48000
Yashnobod;3;70;4;4;35000
Sergeli;4;100;9;9;45000
Mirzo Ulugbek;2;64,7;4;4;36200
Chilonzor;4;87,71;2;9;70000
Mirobod;4;98;3;4;53000
Yakkasaroy;4;120;1;4;132000
Olmzor;3;59;6;9;33000
Olmzor;2;64,5;4;6;37410
Chilonzor;3;87;4;4;55000
Chilonzor;2;42;2;4;38500
Yunusobod;1;38;1;4;26000
Olmzor;4;200;3;4;250000
Chilonzor;3;87;2;4;70000
Uchtepa;2;42;1;4;33500
Mirobod;3;120,3;10;12;100000
Mirobod;2;55;1;3;65000
Mirzo Ulugbek;2;62;1;4;66000
Yunusobod;4;90;5;5;44000
Yashnobod;2;60;6;9;77000
Mirzo Ulugbek;3;70;2;5;54000
Mirobod;4;187;4;5;145000
Yashnobod;3;61;3;4;38000
Chilonzor;2;51;1;4;36000
Mirzo Ulugbek;4;93;2;4;75000
Mirobod;3;65;3;4;58500
Yashnobod;4;50;1;4;35000
Yunusobod;3;60;3;4;75000
Uchtepa;2;48;4;5;28500
Uchtepa;2;50;4;4;30000
Chilonzor;3;88;4;4;59990
Uchtepa;3;68;3;4;52500
Chilonzor;3;72;2;9;62000
Chilonzor;3;64;1;2;45000
Uchtepa;2;58;2;9;42200
Chilonzor;3;68;1;4;45200
Yunusobod;3;130;3;8;200000
Mirobod;3;72;2;9;82000
Yakkasaroy;2;53;5;8;43000
Mirzo Ulugbek;3;75;5;5;38000
Mirobod;3;75;4;5;72000
Yakkasaroy;2;79;13;17;101564
Yakkasaroy;7;216;7;8;250000
Mirobod;2;60;2;9;60000
Mirobod;4;121;6;10;109989
Mirzo Ulugbek;3;54;1;1;35500
Mirzo Ulugbek;2;49,3;4;4;39900
Mirzo Ulugbek;3;64;3;4;39000
Yunusobod;3;72;4;4;96000
Chilonzor;2;42;1;4;35000
Yashnobod;3;65;4;4;55000
Mirzo Ulugbek;3;64;3;5;52000
Chilonzor;2;48;2;4;34500
Yunusobod;2;50;2;4;31000
Yashnobod;2;65;2;4;68000
Mirzo Ulugbek;3;115;4;4;87000
Chilonzor;2;75;1;8;60000
Olmzor;4;80;1;4;53000
Mirzo Ulugbek;2;52;3;4;35500
Shayhontohur;4;100;2;9;72000
Olmzor;2;74;4;9;41000
Shayhontohur;5;150;2;2;138000
Mirzo Ulugbek;2;50;1;4;30000
Mirzo Ulugbek;3;94;16;23;118000
Mirzo Ulugbek;3;83;6;16;83000
Mirobod;3;75;3;9;70000
Mirobod;3;75;2;9;74000
Mirobod;2;65;8;9;52000
Shayhontohur;3;75;5;9;52000
Mirobod;3;110;2;8;169000
Mirzo Ulugbek;2;52;4;5;36500
Olmzor;3;83;4;9;55000
Uchtepa;1;34;2;4;28500
Mirobod;4;85;3;4;55000
Yunusobod;3;78;4;4;55000
Uchtepa;2;52;4;5;33500
Mirzo Ulugbek;2;60;6;9;34000
Mirzo Ulugbek;1;35;4;4;27000
Chilonzor;1;30;2;4;27000
Mirobod;3;110;7;9;130000
Yakkasaroy;1;35;16;16;17700
Uchtepa;2;42;4;5;28500
Olmzor;3;107;2;7;105000
Yakkasaroy;4;100;9;9;50000
Mirobod;3;87;3;9;84000
Olmzor;3;107;3;7;102000
Shayhontohur;3;85;4;7;170000
Mirzo Ulugbek;2;40;2;5;33500
Yunusobod;4;78;1;4;52000
Mirzo Ulugbek;2;55;5;5;35000
Mirzo Ulugbek;2;50;4;4;33000
Mirzo Ulugbek;2;50;5;5;35000
Yunusobod;3;70;3;4;47000
Mirzo Ulugbek;2;58;4;4;34996
Yakkasaroy;1;43;5;16;37000
Yakkasaroy;3;62;7;9;45000
Yakkasaroy;3;63;7;9;45000
Yunusobod;2;60;3;5;39000
Yunusobod;2;58;2;4;41500
Yunusobod;2;58;5;9;42000
Yunusobod;2;58;5;9;42000
Mirzo Ulugbek;1;42;1;4;26500
Yunusobod;2;65;5;9;42000
Yunusobod;2;55;1;9;42000
Yunusobod;4;110;4;9;96000
Mirobod;3;62;4;4;33000
Uchtepa;1;45;5;9;25600
Yakkasaroy;2;47,3;7;9;52000
Yunusobod;2;63;1;4;40000
Yashnobod;2;64;4;9;52000
Shayhontohur;1;50;9;9;23000
Chilonzor;2;60;2;4;38000
Chilonzor;2;60;1;4;47500
Mirzo Ulugbek;4;139;5;9;295000
Mirzo Ulugbek;2;60;1;9;49000
Mirobod;3;100;4;4;87000
Yakkasaroy;4;120;1;4;132000
Mirzo Ulugbek;2;65;3;4;56500
Yunusobod;3;70;3;4;63000
Mirzo Ulugbek;2;55;4;4;52500
Shayhontohur;3;73;1;9;75000
Mirzo Ulugbek;5;157;1;4;150000
Mirobod;2;60;2;6;77000
Mirzo Ulugbek;3;94;16;22;118000
Mirzo Ulugbek;1;36;4;4;21000
Mirzo Ulugbek;2;62;9;9;28000
Yunusobod;3;75;3;4;43000
Olmzor;4;86;4;5;40000
Sergeli;1;32;1;1;16500
Olmzor;3;70;2;5;36000
Yunusobod;1;43;1;4;45000
Yunusobod;1;43;3;4;39000
Yashnobod;2;47,2;3;4;30000
Yunusobod;5;140;8;9;85000
Yangihayot;2;63;2;7;26500
Shayhontohur;3;85;4;12;53000
Chilonzor;3;98;8;9;60000
Mirobod;1;35;4;4;48000
Yunusobod;3;80;1;5;50000
Shayhontohur;7;230;2;5;230000
Mirobod;2;65;2;9;60000
Chilonzor;2;70;2;7;56000
Chilonzor;3;77;1;4;48000
Chilonzor;2;50;3;5;34500
Chilonzor;2;48;3;4;31000
Chilonzor;2;50;3;5;35500
Chilonzor;2;60;4;5;37500
Chilonzor;2;54;3;5;36500
Chilonzor;1;42;4;9;28500
Chilonzor;1;36;3;5;27500
Olmzor;3;58;2;9;37751
Mirzo Ulugbek;3;117;2;5;132000
Mirobod;6;170;8;9;130000
Mirzo Ulugbek;3;103;1;4;170000
Chilonzor;2;45;1;4;39500
Mirobod;2;60;2;6;77000
Mirobod;4;120;1;4;132000
Shayhontohur;2;65;2;4;56500
Yakkasaroy;2;55;4;4;37000
Mirobod;3;85;5;9;74000
Mirobod;4;115;5;5;115000
Yakkasaroy;2;51;2;4;48000
Yunusobod;3;73;3;5;60000
Uchtepa;2;56;3;5;32000
Yakkasaroy;1;43;5;16;37000
Chilonzor;2;46;3;4;25000
Uchtepa;1;26,4;1;4;18500
Shayhontohur;2;65;3;4;56500
Uchtepa;1;40;1;5;25200
Shayhontohur;3;70;2;4;55000
Mirzo Ulugbek;4;92;4;5;54600
Shayhontohur;3;75;1;9;78000
Mirzo Ulugbek;3;73;7;8;47500
Chilonzor;3;67;2;4;52500
Mirobod;2;60;2;6;77000
Sergeli;3;71;3;7;52000
Mirzo Ulugbek;3;75;5;5;39000
Shayhontohur;3;75;2;4;67000
Shayhontohur;2;65;3;4;56000
Yunusobod;1;50;7;9;36998
Olmzor;1;43;4;4;27000
Yunusobod;2;60;2;9;52000
Mirobod;2;68;8;8;90000
Olmzor;4;85;3;5;78000
Yunusobod;2;55;1;3;43500
Uchtepa;2;57;5;5;36000
Mirobod;4;120;1;5;134500
Mirobod;2;70;7;8;65000
Yunusobod;2;58;2;4;45000
Mirobod;3;108;5;10;103000
Yakkasaroy;4;90;3;4;88000
Olmzor;4;100;9;9;62500
Uchtepa;1;40;1;5;25150
Olmzor;3;75;1;9;73000
Mirzo Ulugbek;3;71;3;8;53000
Mirzo Ulugbek;2;78;1;4;26500
Chilonzor;5;169;5;9;93000
Yunusobod;2;62;3;4;55000
Olmzor;2;46;4;4;30000
Chilonzor;2;70;9;12;42000
Mirzo Ulugbek;3;152;4;8;285000
Yakkasaroy;3;70;2;5;70000
Mirzo Ulugbek;3;58;1;4;47000
Shayhontohur;2;65;3;4;56500
Uchtepa;2;50;1;4;36000
Mirzo Ulugbek;1;42;1;4;26500
Yunusobod;2;58;2;4;41500
Mirobod;3;64;4;4;38500
Mirzo Ulugbek;2;50;4;4;35000
Mirzo Ulugbek;3;100;6;7;75000
Mirzo Ulugbek;2;45;3;7;45000
Mirzo Ulugbek;2;38;4;5;35000
Mirzo Ulugbek;4;86;2;5;80000
Mirzo Ulugbek;1;38;3;4;42000
Yunusobod;2;49;2;4;36000
Uchtepa;2;56;6;9;34500
Sergeli;3;85;1;9;59000
Olmzor;2;58;4;5;36000
Mirzo Ulugbek;2;50;5;5;35000
Yashnobod;2;65;3;4;56500
Mirzo Ulugbek;2;55;5;5;35000
Shayhontohur;3;78;1;3;98000
Chilonzor;2;47;2;4;29000
Mirzo Ulugbek;2;50;1;4;30000
Mirzo Ulugbek;2;45;2;5;33500
Chilonzor;2;48;4;4;32500
Uchtepa;2;42;4;5;28500
Chilonzor;2;47;2;4;38700
Mirobod;1;40;4;4;46500
Mirzo Ulugbek;2;66;6;9;33500
Chilonzor;3;60;1;4;41500
Olmzor;1;58;4;7;46000
Yunusobod;2;59;2;4;57000
Mirobod;4;125;2;4;65000
Shayhontohur;7;230;2;5;230000
Mirzo Ulugbek;2;60;4;4;34000
Mirobod;3;135;3;9;88000
Mirzo Ulugbek;2;50;3;4;33000
Shayhontohur;2;78;3;5;71000
Mirzo Ulugbek;2;48;4;4;28000
Mirzo Ulugbek;2;56;3;5;31000
Mirzo Ulugbek;2;45;3;7;45000
Mirzo Ulugbek;4;86;2;5;80000
Mirzo Ulugbek;2;56;5;5;31000
Mirzo Ulugbek;3;72;4;4;80000
Mirobod;3;75;3;4;74000
Shayhontohur;2;47;4;4;36000
Mirzo Ulugbek;2;55;2;3;29000
Mirzo Ulugbek;2;65;3;4;47000
Mirzo Ulugbek;2;55;2;2;29500
Mirzo Ulugbek;3;72;4;5;67000
Mirobod;2;64;4;4;52000
Mirzo Ulugbek;2;60;5;5;31000
Yunusobod;4;100;3;5;85000
Mirzo Ulugbek;3;65;3;4;38000
Chilonzor;1;32;2;5;26500
Chilonzor;1;42;2;5;26000
Chilonzor;1;45;2;5;29500
Chilonzor;1;36;1;5;27500
Chilonzor;2;50;2;4;38500
Chilonzor;2;60;3;4;38000
Chilonzor;2;50;1;4;35000
Mirzo Ulugbek;1;40;3;3;30000
Mirzo Ulugbek;5;100;4;4;48000
Mirzo Ulugbek;3;115;2;9;115000
Shayhontohur;3;71;2;6;45000
Shayhontohur;4;90;5;5;65000
Mirzo Ulugbek;2;60;4;4;44000
Shayhontohur;3;72;4;9;60000
Yunusobod;2;62;1;4;40500
Mirzo Ulugbek;4;93;3;5;62000
Chilonzor;3;65;5;5;50000
Uchtepa;3;70;5;5;40100
Bektemir;4;94;9;9;40000
Chilonzor;1;32;4;4;25500
Uchtepa;2;72;5;12;40000
Mirzo Ulugbek;2;45;1;4;22000
Chilonzor;2;46;3;5;35000
Mirobod;1;45;3;9;59000
Chilonzor;3;88;6;8;50000
Yashnobod;3;69,8;2;7;45370
Mirzo Ulugbek;3;72;2;8;48500
Yunusobod;1;38;4;4;26000
Mirzo Ulugbek;4;85;2;4;69900
Yashnobod;2;60;2;6;30000
Mirzo Ulugbek;3;86;2;5;57000
Shayhontohur;2;65;3;4;56500
Yashnobod;2;60;6;9;80000
Yakkasaroy;2;95;8;9;130000
Mirzo Ulugbek;3;74;9;9;54000
Yakkasaroy;2;51,14;5;5;56000
Uchtepa;4;80;2;5;51500
Mirzo Ulugbek;3;105;5;6;86000
Yakkasaroy;2;70;8;9;48000
Mirzo Ulugbek;2;65;2;4;68000
Mirzo Ulugbek;3;80;4;4;37000
Mirzo Ulugbek;2;48;1;4;28000
Mirzo Ulugbek;1;38;1;4;39500
Chilonzor;1;38;2;4;24000
Yakkasaroy;3;72;1;5;72898
Mirzo Ulugbek;1;23,8;2;4;21000
Uchtepa;2;50;1;4;38000
Yashnobod;1;28;1;3;19000
Yunusobod;3;68;4;4;70000
Yakkasaroy;4;96;9;9;49000
Chilonzor;2;52;1;4;34500
Yakkasaroy;5;118;9;9;50000
Mirzo Ulugbek;2;40;1;3;25499
Shayhontohur;2;55;4;9;33000
Uchtepa;3;65;4;4;34200
Mirobod;2;48,6;3;4;43700
Sergeli;2;52;1;4;41000
Mirobod;3;72;3;9;52000
Uchtepa;4;88;5;5;45000
Shayhontohur;2;58;3;4;57000
Chilonzor;2;62;3;4;39500
Chilonzor;2;60;2;5;38500
Chilonzor;2;50;2;5;35500
Chilonzor;2;50;2;4;33500
Chilonzor;1;36;2;4;25500
Chilonzor;1;30;4;4;24500
Chilonzor;1;40;3;4;28500
Chilonzor;1;42;2;5;26500
Shayhontohur;3;72;8;9;55000
Chilonzor;2;50;1;4;35500
Chilonzor;3;90;8;9;42000
Mirobod;2;69;9;10;62000
Chilonzor;2;56;1;4;49000
Uchtepa;2;80;8;8;41744
Chilonzor;2;57;8;9;36000
Yunusobod;2;55;2;4;33000
Yakkasaroy;3;100;7;9;77000
Yakkasaroy;1;39;1;5;27500
Chilonzor;2;49;1;4;43000
Uchtepa;4;80;4;5;40000
Shayhontohur;2;50;8;12;31000
Chilonzor;4;125;3;9;210000
Chilonzor;2;44;1;4;30000
Uchtepa;2;47;1;4;31500
Mirobod;3;65;4;4;35000
Yunusobod;2;57;3;4;35500
Yunusobod;4;90;2;4;64000
Yunusobod;5;110;4;5;58000
Yashnobod;2;58;2;4;62000
Yunusobod;2;58;3;9;34000
Yunusobod;3;70;2;4;55000
Mirobod;4;122;3;5;65000
Yakkasaroy;2;48;5;9;23000
Uchtepa;2;72;4;6;55000
Sergeli;2;59;2;7;25000
Yakkasaroy;3;101;4;9;65000
Mirobod;3;60;3;4;40000
Shayhontohur;2;47;4;4;36000
Mirobod;3;90;4;5;46700
Mirobod;3;85;5;9;74000
Uchtepa;2;50;3;4;35000
Uchtepa;2;56;6;9;34400
Yakkasaroy;2;48;5;9;23000
Olmzor;3;145;1;4;95000
Chilonzor;1;32;1;4;26000
Yakkasaroy;4;198;5;8;280000
Yashnobod;3;75;6;9;58000
Mirzo Ulugbek;3;77;3;5;55000
Olmzor;2;58;2;9;37000
Uchtepa;1;18;4;4;12300
Mirzo Ulugbek;2;50;3;4;33500
Mirzo Ulugbek;2;50;3;5;39000
Mirobod;4;120;1;4;135000
Shayhontohur;2;68;4;4;70000
Chilonzor;4;76;3;4;59000
Mirzo Ulugbek;5;110;2;4;78800
Sergeli;2;58;2;5;34000
Yashnobod;1;18;3;4;11500
Chilonzor;2;60;4;9;47000
Mirobod;3;100;2;4;75000
Uchtepa;2;40;5;5;29000
Shayhontohur;4;130;7;7;94000
Olmzor;3;77,36;1;7;64600
Uchtepa;2;48;1;4;36500
Mirzo Ulugbek;5;213;5;6;220000
Yakkasaroy;4;86;8;9;52000
Uchtepa;2;51;1;4;35500
Olmzor;3;72;1;5;45000
Chilonzor;3;58,9;3;4;55000
Yunusobod;2;70;2;4;68000
Chilonzor;4;100;3;4;56000
Mirzo Ulugbek;3;79;3;5;75000
Yashnobod;3;135;8;9;99900
Yunusobod;4;177;5;5;179000
Mirobod;4;170;2;7;259000
Yunusobod;3;110;2;9;100000
Yashnobod;5;207;5;6;119900
Mirzo Ulugbek;5;208;1;5;119900
Chilonzor;3;105;5;10;126000
Mirzo Ulugbek;3;121;5;10;109000
Mirobod;3;127;7;12;135000
Mirzo Ulugbek;1;30;2;4;27300
Shayhontohur;3;100;7;9;55000
Chilonzor;3;70;2;4;56000
Chilonzor;3;70;2;5;46000
Chilonzor;2;54;2;5;36500
Chilonzor;2;68;4;4;38500
Chilonzor;2;60;4;9;41500
Chilonzor;2;50;2;5;35500
Chilonzor;2;68;4;4;38500
Chilonzor;1;32;2;4;27000
Chilonzor;1;46;2;4;30500
Chilonzor;1;32;2;4;28500
Mirobod;4;166;5;9;129500
Chilonzor;1;40;4;5;26500
Chilonzor;2;45;1;4;36500
Yunusobod;3;67;4;4;40000
Yakkasaroy;2;64;1;5;42000
Chilonzor;2;60;5;9;45000
Yashnobod;2;70;2;4;34500
Yashnobod;2;70;2;4;35000
Yashnobod;2;70;2;4;45000
Yakkasaroy;4;167;4;7;370000
Yashnobod;5;321;1;1;48000
Mirzo Ulugbek;2;65;6;9;55000
Yunusobod;1;32;1;4;23000
Yakkasaroy;2;48;5;9;23000
Chilonzor;2;42;3;4;36000
Chilonzor;2;57;4;4;37500
Yakkasaroy;1;38;2;5;26700
Chilonzor;3;67;5;5;35000
Uchtepa;3;73;5;5;38500
Mirobod;3;110;7;9;70000
Uchtepa;3;72;4;9;43500
Chilonzor;3;67;3;4;57000
Olmzor;3;70;3;4;48000
Mirzo Ulugbek;1;41;3;4;31000
Mirzo Ulugbek;2;60;5;9;42000
Mirzo Ulugbek;2;42;5;5;31000
Chilonzor;3;70;3;4;65000
Chilonzor;3;100;3;9;79000
Chilonzor;2;54;3;4;36500
Chilonzor;3;62;4;4;42500
Chilonzor;2;43;4;4;35000
Chilonzor;2;50;5;5;42000
Chilonzor;2;58;4;9;47000
Chilonzor;2;52;5;5;45000
Sergeli;4;95;5;9;46500
Chilonzor;4;84;3;4;62000
Chilonzor;1;25;3;9;21500
Chilonzor;4;100;5;9;56000
Uchtepa;2;50;3;5;36000
Uchtepa;2;50;4;4;38000
Chilonzor;2;48;1;4;36500
Chilonzor;2;67;1;9;48000
Uchtepa;3;72;5;9;38000
Uchtepa;3;79;3;4;50000
Uchtepa;2;40;1;4;33000
Uchtepa;3;80;12;12;40000
Chilonzor;3;60;1;5;53500
Mirzo Ulugbek;4;187;2;5;210000
Mirobod;4;112;4;9;87000
Yunusobod;1;50;7;9;37400
Chilonzor;2;52;3;4;42500
Yunusobod;4;100;4;4;72500
Mirobod;3;61;4;4;60000
Yangihayot;3;56;5;7;41000
Mirzo Ulugbek;1;47;2;9;42000
Yakkasaroy;2;48;5;9;23000
Yunusobod;3;72;3;4;68000
Yakkasaroy;1;33;4;5;32000
Uchtepa;5;27,7;1;1;85000
Olmzor;4;80;2;4;47000
Shayhontohur;3;83;3;9;44500
Mirzo Ulugbek;2;57,85;2;7;38600
Yunusobod;4;83;3;5;55500
Chilonzor;5;190;1;9;150000
Mirzo Ulugbek;3;64;3;5;47000
Mirzo Ulugbek;2;55;2;4;35000
Sergeli;3;78;8;9;42000
Mirzo Ulugbek;2;60;3;5;38000
Yunusobod;3;90,18;4;5;46500
Yunusobod;3;70;3;4;47000
Chilonzor;2;42;1;3;35000
Uchtepa;1;26,4;1;4;18500
Mirobod;2;54;2;4;65000
Mirobod;4;98;5;9;106000
Chilonzor;2;48;2;4;35500
Yakkasaroy;2;78;4;8;100000
Chilonzor;2;57;8;9;35000
Yakkasaroy;4;135;5;6;70000
Shayhontohur;4;172;2;4;150000
Mirobod;2;54;3;4;39900
Yakkasaroy;2;48;5;9;23000
Shayhontohur;3;82;2;8;115000
Olmzor;3;125;1;8;115000
Yunusobod;2;57;6;9;68000
Mirobod;2;60;4;9;79000
Mirobod;2;56;4;4;60000
Mirobod;2;112;9;9;90000
Mirobod;3;68;9;9;90000
Chilonzor;2;55;1;4;31500
Mirobod;3;105;1;5;90000
Mirobod;4;232;7;12;340000
Yunusobod;2;45;2;5;39500
Yakkasaroy;3;91;6;8;135000
Shayhontohur;4;200;5;9;150000
Mirzo Ulugbek;4;124;1;10;155000
Yunusobod;1;38;4;5;25500
Yakkasaroy;1;38;2;5;26700
Chilonzor;2;50;1;4;38000
Mirobod;2;65;3;9;54000
Yunusobod;3;80;3;7;72000
Yashnobod;2;65;4;9;55000
Mirobod;3;75;2;4;74000
Yakkasaroy;2;40;1;4;37000
Uchtepa;4;100;1;4;57700
Mirobod;3;90;7;9;77000
Yunusobod;3;100;4;8;88000
Yakkasaroy;2;48;5;9;23000
Mirobod;4;120;5;9;145000
Yakkasaroy;4;200;4;8;250000
Yunusobod;3;65;3;4;76000
Mirzo Ulugbek;2;59;4;8;42000
Yakkasaroy;2;64;1;5;42000
Chilonzor;4;105;6;9;60000
Chilonzor;3;78;7;9;55000
Yakkasaroy;4;100;6;9;70000
Chilonzor;3;78;5;9;50000
Chilonzor;2;80;8;8;48000
Yakkasaroy;2;48;5;9;23000
Yakkasaroy;2;51;1;5;57000
Yakkasaroy;3;75;3;9;53500
Yakkasaroy;1;39;1;5;27500
Yakkasaroy;2;48;5;9;23000
Yunusobod;4;90;4;5;56000
Yakkasaroy;1;39;2;5;26700
Yakkasaroy;2;48;5;9;23000
Uchtepa;3;72;3;9;45500
Yakkasaroy;2;98;6;9;160000
Mirzo Ulugbek;3;78;5;5;38000
Yunusobod;2;60;2;4;75000
Chilonzor;2;50;2;4;36000
Yunusobod;1;38;4;4;26500
Yunusobod;1;38;4;4;26500
Yashnobod;3;62;6;7;58000
Bektemir;3;71,2;6;9;27500
Yunusobod;2;65;4;4;38000
Mirobod;2;65;4;9;79000
Yakkasaroy;2;56;4;8;36000
Sergeli;2;70;4;9;29500
Mirzo Ulugbek;2;50;3;4;33000
Olmzor;3;69,46;1;4;39000
Sergeli;5;120;6;9;105000
Yakkasaroy;2;48;5;9;23000
Yashnobod;3;83;2;6;38663
Mirzo Ulugbek;3;125;9;25;193000
Mirzo Ulugbek;2;90;9;25;135500
Chilonzor;3;65;3;4;37000
Olmzor;4;215;10;25;330000
Mirobod;4;95;6;9;70000
Uchtepa;2;52;3;4;37000
Chilonzor;2;48;3;4;33500
Mirobod;1;33;2;5;30000
Chilonzor;2;52;2;5;37500
Mirobod;3;85;1;9;85000
Olmzor;3;82;3;9;48000
Uchtepa;2;52;3;4;40000
Yakkasaroy;2;45;1;4;40000
Chilonzor;2;57;4;4;37500
Chilonzor;2;50;2;5;37500
Chilonzor;2;50;1;5;36000
Chilonzor;1;42;2;5;29500
Chilonzor;1;34;3;4;28500
Chilonzor;1;42;4;5;25500
Uchtepa;2;54;3;4;37500
Chilonzor;2;53;2;4;34000
Yakkasaroy;1;38;2;5;26700
Yashnobod;1;39;5;5;23500
Yashnobod;3;69;5;5;50000
Uchtepa;2;48;1;4;37000
Yakkasaroy;2;60;4;4;75000
Olmzor;2;56;2;4;36000
Yashnobod;2;50;1;3;28000
Uchtepa;2;48;3;4;38000
Uchtepa;1;26;1;4;19000
Mirzo Ulugbek;3;70;9;9;48000
Yashnobod;1;20;2;4;15500
Chilonzor;2;52;1;4;49000
Yashnobod;3;70;9;9;35900
Yunusobod;2;55;1;2;26500
Chilonzor;1;28;2;2;21500
Chilonzor;2;45;1;4;42000
Yunusobod;2;54;1;4;38500
Yakkasaroy;2;60;1;4;56000
Yashnobod;4;107;9;12;62000
Yunusobod;2;65;2;4;38500
Chilonzor;2;45;3;4;37500
Yunusobod;2;56;3;4;39000
Yunusobod;2;55;1;9;41000
Yakkasaroy;2;48;5;9;23000
Mirzo Ulugbek;3;85;4;4;88000
Yunusobod;2;58;2;4;41000
Chilonzor;2;48;1;4;40000
Uchtepa;3;68;2;4;40000
Yunusobod;3;70;3;4;75000
Yunusobod;2;65;5;9;42000
Chilonzor;2;50;2;4;36500
Yunusobod;2;60;3;5;44000
Shayhontohur;3;110;3;7;105000
Shayhontohur;4;100;1;9;77501
Yunusobod;2;50;4;4;33000
Yunusobod;2;58;2;5;35000
Chilonzor;2;48;3;4;42000
Chilonzor;4;72;2;4;67000
Yunusobod;2;83;1;9;63000
Mirzo Ulugbek;4;141;3;9;93000
Uchtepa;4;80;5;5;57000
Mirobod;3;160;4;9;198000
Yakkasaroy;3;92;12;16;50000
Sergeli;3;57;5;7;45500
Sergeli;4;140;5;5;45000
Yunusobod;3;86;4;4;48000
Yakkasaroy;2;60;3;4;55000
Yakkasaroy;3;84;4;4;55000
Mirobod;4;175;7;12;125000
Yunusobod;3;72;1;4;68000
Uchtepa;2;72;5;12;40000
Mirobod;2;55;1;4;35000
Mirzo Ulugbek;2;60;1;9;58000
Yakkasaroy;3;290;1;5;270000
Yakkasaroy;3;93;5;8;98000
Yashnobod;1;36;1;9;22000
Yunusobod;3;105;1;6;107000
Sergeli;4;104;2;9;68000
Mirobod;3;85;7;9;64000
Mirzo Ulugbek;2;38;4;5;33000
Yunusobod;1;38;3;4;42000
Shayhontohur;2;65;3;4;56500
Mirobod;4;200;4;5;125000
Shayhontohur;1;70;6;7;57500
Mirzo Ulugbek;2;52;2;4;31000
Yashnobod;3;66;3;4;39500
Yunusobod;1;21;4;4;12500
Mirobod;2;65;1;2;29000
Yakkasaroy;2;48;5;9;23000
Mirzo Ulugbek;2;82;4;6;125000
Olmzor;3;80;3;4;46000
Olmzor;2;60;4;5;33000
Chilonzor;1;36;1;4;22500
Mirzo Ulugbek;1;34;3;3;20000
Chilonzor;2;56;2;4;33000
Yunusobod;4;83;5;5;55000
Shayhontohur;3;67;1;5;47000
Shayhontohur;2;31;3;3;40000
Olmzor;3;73,8;5;5;45000
Shayhontohur;2;58;5;12;37000
Yunusobod;2;50;3;4;31500
Yunusobod;3;76;4;9;60000
Yunusobod;2;54;3;4;31000
Mirobod;2;36;1;2;24500
Yashnobod;5;112;3;9;88000
Chilonzor;3;60;3;4;40000
Mirzo Ulugbek;2;46;3;5;35000
Mirzo Ulugbek;1;17;3;4;17500
Yakkasaroy;2;45;1;4;40000
Mirobod;3;110;2;7;165000
Uchtepa;1;26;1;4;19000
Shayhontohur;3;96;4;5;87000
Yunusobod;3;78;7;9;55000
Yunusobod;1;45;4;5;27000
Yashnobod;2;55;2;5;30800
Mirobod;3;75;3;4;75000
Mirzo Ulugbek;1;30;5;5;20500
Mirzo Ulugbek;3;75;1;5;56000
Chilonzor;3;70;5;9;51500
Mirzo Ulugbek;1;35;3;4;23000
Mirzo Ulugbek;3;55;4;4;65000
Uchtepa;2;40;4;4;31000
Mirzo Ulugbek;2;60;5;9;40000
Yashnobod;2;60;5;9;48000
Chilonzor;3;78;7;9;55000
Chilonzor;4;125;6;9;250000
Yunusobod;3;85;1;9;82000
Mirzo Ulugbek;2;52;2;5;33000
Yunusobod;3;96;4;9;88000
Shayhontohur;2;65;3;4;36000
Mirobod;3;100;7;9;78000
Mirobod;4;110;5;8;145000
Olmzor;2;56;2;5;38000
Yashnobod;3;105;2;8;65500
Mirzo Ulugbek;2;43,9;1;4;53000
Mirzo Ulugbek;2;50;1;4;30299
Uchtepa;4;78;4;4;52000
Uchtepa;2;48;1;4;34800
Shayhontohur;2;57;2;9;40000
Yunusobod;3;89;7;9;56000
Shayhontohur;2;60;9;9;36000
Mirzo Ulugbek;2;38;5;5;27500
Yunusobod;3;72;7;9;46000
Mirzo Ulugbek;2;51;4;4;33500
Shayhontohur;3;70;2;9;44000
Mirzo Ulugbek;3;80;3;4;125000
Yashnobod;3;164;6;6;299000
Yakkasaroy;2;53;5;8;43000
Yakkasaroy;5;182;7;8;160000
Shayhontohur;3;78;3;4;61000
Yunusobod;3;70;4;4;54000
Chilonzor;3;120;2;8;160000
Yakkasaroy;4;250;4;8;250000
Olmzor;1;41;4;4;23000
Mirobod;3;75;8;9;65000
Yunusobod;2;62;7;9;43000
Yunusobod;2;55;1;9;41000
Yakkasaroy;1;38;5;5;30500
Yashnobod;2;46;5;8;31000
Mirzo Ulugbek;5;150;1;2;97000
Mirobod;5;120;7;9;110000
Yakkasaroy;2;82;4;8;75500
Mirobod;4;183;5;7;300000
Shayhontohur;3;78;8;12;45000
Yunusobod;3;100;1;4;68000
Mirobod;1;43;5;16;36000
Uchtepa;3;68;4;5;42800
Mirzo Ulugbek;1;25,3;3;4;14500
Mirzo Ulugbek;2;35;5;5;32000
Yashnobod;2;56;2;2;32500
Olmzor;4;90;3;4;48000
Mirzo Ulugbek;3;72;4;5;67000
Mirobod;2;62;9;9;46000
Uchtepa;2;60;3;5;33500
Yunusobod;2;54;1;4;38500
Yunusobod;2;54;2;4;36000
Mirzo Ulugbek;2;54;5;5;50000
Yunusobod;2;57;9;9;36000
Olmzor;5;125;6;9;110000
Yakkasaroy;3;80;4;5;56000
Shayhontohur;3;75;8;9;53000
Olmzor;3;75;6;9;54000
Yunusobod;3;77;2;5;50000
Yunusobod;2;55;4;4;34000
Yunusobod;4;90;9;9;45000
Olmzor;2;58;5;9;29500
Chilonzor;3;60;1;4;42000
Shayhontohur;3;90;12;12;37000
Mirzo Ulugbek;3;79;3;4;54000
Yakkasaroy;2;64;1;5;42000
Yunusobod;2;50;3;4;37500
Mirobod;4;90;2;4;95000
Olmzor;3;70;2;4;41000
Mirzo Ulugbek;5;136;2;8;129900
Yashnobod;2;54;7;9;34000
Sergeli;2;57;2;9;18000
Uchtepa;3;80;4;4;50000
Mirzo Ulugbek;4;95;9;9;51000
Yakkasaroy;5;115;4;5;75000
Shayhontohur;2;60;6;12;35000
Yunusobod;4;82;1;4;55000
Yashnobod;1;40;2;5;19500
Yunusobod;3;71;2;4;75000
Mirobod;2;56;2;4;42000
Chilonzor;3;68;3;4;42000
Mirobod;2;58;2;9;56500
Yashnobod;3;71;2;4;45000
Mirzo Ulugbek;4;92;3;5;45000
Olmzor;3;82;3;9;46000
Yunusobod;3;135;3;7;200000
Mirobod;4;148;8;9;230000
Mirobod;3;110;6;8;330000
Mirzo Ulugbek;5;191;8;9;139900
Shayhontohur;2;78;1;8;114900
Yashnobod;3;80;5;7;104900
Mirobod;3;75;2;10;125000
Mirobod;3;105;1;5;92000
Yakkasaroy;3;115;3;7;230000
Yunusobod;1;65;8;9;43000
Yunusobod;3;131,4;2;7;250000
Olmzor;3;79,86;4;8;68000
Mirzo Ulugbek;3;75;3;4;69000
Mirzo Ulugbek;3;71;2;9;52000
Uchtepa;2;84;3;7;68000
Sergeli;5;120;6;9;113500
Mirzo Ulugbek;2;65;2;4;40000
Mirobod;3;80;2;4;83500
Yakkasaroy;3;115;4;9;128500
Chilonzor;4;105;6;9;60000
Chilonzor;3;78;5;9;50000
Mirobod;3;70;5;5;28500
Uchtepa;2;52;1;4;51000
Yakkasaroy;3;115;1;8;77999
Yakkasaroy;2;68;8;9;46999
Mirzo Ulugbek;3;82;4;4;88000
Shayhontohur;3;70;2;4;56000
Yakkasaroy;3;71;2;4;62500
Olmzor;3;75;2;9;53000
Chilonzor;3;59;3;5;49500
Yashnobod;1;47;5;8;28000
Mirobod;2;62;4;4;60000
Mirobod;1;42;2;9;37000
Yunusobod;3;70;3;4;75000
Shayhontohur;5;150;3;12;103000
Yunusobod;5;140;3;9;98000
Chilonzor;2;41;4;4;30000
Chilonzor;2;52;2;4;37900
Yunusobod;3;70;2;4;60000
Chilonzor;2;58;3;4;53500
Chilonzor;3;87;2;4;70000
Yunusobod;2;60;3;4;42000
Yunusobod;2;56;3;4;39000
Yunusobod;2;48;3;4;39000
Yunusobod;2;54;2;4;37000
Yashnobod;1;20;2;4;15500
Yunusobod;2;57;9;9;37000
Sergeli;2;52;1;4;43000
Mirzo Ulugbek;4;72;5;5;43000
Mirzo Ulugbek;2;50;1;5;45000
Mirzo Ulugbek;1;30;2;4;24000
Chilonzor;2;65;4;9;47000
Mirzo Ulugbek;1;30;2;4;30000
Mirzo Ulugbek;1;22;3;4;21000
Mirzo Ulugbek;2;58;2;9;42000
Yakkasaroy;2;60;4;4;75000
Yunusobod;3;90;2;5;75000
Sergeli;5;120;9;9;52000
Mirobod;3;75;6;9;110000
Yakkasaroy;2;60;4;4;75000
Chilonzor;3;70;1;4;46500
Chilonzor;1;40;4;4;24000
Chilonzor;1;40;5;5;25800
Uchtepa;1;36;4;4;23500
Chilonzor;1;36;1;5;27000
Chilonzor;2;50;1;5;36500
Mirzo Ulugbek;2;50;5;5;36000
Yunusobod;5;120;2;9;62000
Chilonzor;2;50;4;4;33500
Chilonzor;2;50;2;5;36000
Chilonzor;2;70;4;5;36500
Mirzo Ulugbek;3;95;5;5;50000
Mirzo Ulugbek;4;140;9;9;95000
Mirzo Ulugbek;3;70;3;5;42000
Mirzo Ulugbek;5;100;4;4;48000
Shayhontohur;5;232;7;8;258001
Mirzo Ulugbek;2;50;4;4;40500
Yunusobod;5;183,5;4;5;203000
Mirobod;5;116;5;9;83000
Yunusobod;2;38;3;4;30500
Shayhontohur;2;65;9;9;33000
Uchtepa;4;116;4;4;56500
Chilonzor;2;47;2;4;29000
Uchtepa;2;50;4;4;29500
Yakkasaroy;3;89;3;3;74999
Yunusobod;4;109;5;5;49000
Olmzor;4;107;5;5;48000
Mirobod;5;110;8;9;85000
Yakkasaroy;2;65;9;9;90000
Chilonzor;1;36;1;4;26500
Mirzo Ulugbek;4;86;3;4;50000
Mirobod;4;100;5;9;105000
Olmzor;2;68;4;7;56000
Olmzor;1;43;2;4;27000
Olmzor;1;43;2;5;31500
Uchtepa;4;84;5;5;57000
Yashnobod;2;62;2;7;52000
Chilonzor;2;60;4;4;33500
Yashnobod;4;120;1;9;34500
Yakkasaroy;1;30;3;5;32000
Mirzo Ulugbek;3;75;4;9;46000
Mirzo Ulugbek;2;45;5;5;38000
Uchtepa;4;88;4;5;53000
Mirobod;3;73;5;9;65000
Yakkasaroy;3;80;4;5;56000
Yakkasaroy;2;64;1;5;42000
Mirobod;3;103;6;9;100000
Yashnobod;2;55;2;4;53000
Yashnobod;3;80;1;12;41000
Uchtepa;2;48;2;4;32000
Chilonzor;3;75;1;4;56500
Yunusobod;4;98;6;9;54000
Chilonzor;1;36;3;4;27000
Mirobod;2;70;6;9;93000
Sergeli;3;77;1;5;85000
Yashnobod;1;42;9;9;19000
Chilonzor;2;65;1;4;67000
Yunusobod;4;87;3;5;66000
Yunusobod;2;60;3;4;78000
Yakkasaroy;4;100;1;5;70500
Chilonzor;3;67;4;4;45000
Chilonzor;4;100;3;9;58000
Shayhontohur;4;80;2;4;75000
Yunusobod;1;23,7;4;4;18500
Yakkasaroy;2;57;3;4;55000
Mirobod;4;167;2;4;210000
Yakkasaroy;4;98;5;9;106000
Yakkasaroy;2;72;1;5;73500
Mirobod;2;51;4;4;50000
Olmzor;1;42;2;4;27000
Yunusobod;2;55;1;2;26500
Shayhontohur;4;99,3;4;9;77500
Yakkasaroy;2;42;1;2;37000
Mirzo Ulugbek;2;58;6;9;33500
Yakkasaroy;3;65;1;4;72000
Mirzo Ulugbek;2;50;5;5;32000
Yakkasaroy;2;50;2;2;44500
Mirzo Ulugbek;2;54;4;4;31000
Yunusobod;1;40,2;5;9;28000
Mirzo Ulugbek;2;54;4;4;31000
Shayhontohur;1;45;7;9;27000
Mirzo Ulugbek;2;50;1;4;31000
Mirzo Ulugbek;2;60;8;9;40000
Mirzo Ulugbek;4;71;4;4;50000
Mirobod;3;68;9;9;90000
Mirzo Ulugbek;1;30;2;4;22500
Yunusobod;1;47;5;9;36000
Mirzo Ulugbek;3;74;2;9;58000
Yakkasaroy;3;90;3;3;75000
Yunusobod;4;96;2;4;75000
Yunusobod;2;69,7;9;9;75900
Yakkasaroy;2;61;2;3;67000
Mirzo Ulugbek;3;70;5;9;61000
Mirzo Ulugbek;3;75;3;4;68000
Mirzo Ulugbek;4;80;5;5;47000
Yakkasaroy;2;54;3;4;65000
Uchtepa;2;44;4;5;36000
Mirobod;2;45;6;9;58000
Mirobod;3;112;2;8;165000
Chilonzor;2;50;4;4;33000
Yakkasaroy;2;64;1;5;420000
Yakkasaroy;2;53;4;5;46000
Chilonzor;1;30;1;4;27000
Olmzor;2;60;3;4;40500
Chilonzor;2;55;5;9;30000
Yakkasaroy;2;53;5;8;43000
Mirzo Ulugbek;1;51;5;9;55000
Yunusobod;1;42;4;5;28000
Mirzo Ulugbek;2;45;1;4;35500
Chilonzor;1;28;3;4;644000
Yakkasaroy;1;35;3;5;35000
Olmzor;1;42;4;4;22500
Yunusobod;2;64;1;4;37200
Chilonzor;4;105;4;6;60000
Chilonzor;1;43;4;9;23500
Chilonzor;2;46;3;4;25000
Mirobod;6;130;7;9;130000
Yunusobod;2;60;1;9;68000
Yunusobod;2;43;5;9;24000
Chilonzor;1;28;2;2;21500
Chilonzor;1;30;3;4;26200
Yunusobod;5;103;1;4;74000
Yunusobod;4;80;2;4;52500
Yakkasaroy;2;48;1;4;39000
Chilonzor;2;60;4;9;31500
Yakkasaroy;1;32;2;4;40000
Mirobod;3;120;2;8;165000
Yakkasaroy;1;28;1;4;34000
Yunusobod;3;80;2;4;61500
Yashnobod;3;58;2;2;23000
Chilonzor;2;60;4;4;32000
Chilonzor;2;60;2;5;33500
Chilonzor;2;54;2;5;36500
Chilonzor;2;50;4;4;33500
Chilonzor;2;50;2;4;33500
Sergeli;2;70;3;7;35200
Chilonzor;1;42;2;4;28000
Chilonzor;1;42;3;5;27500
Chilonzor;1;36;3;4;25500
Uchtepa;3;70;5;12;57500
Uchtepa;2;58;1;5;43000
Chilonzor;2;60;1;4;39000
Uchtepa;2;52;3;5;37000
Chilonzor;2;50;4;4;35000
Uchtepa;4;74;3;4;73000
Chilonzor;1;30;2;4;28200
Chilonzor;3;90;7;9;52500
Mirobod;3;75;7;9;65000
Yashnobod;2;56;4;9;45000
Sergeli;4;90,54;1;3;70000
Yakkasaroy;1;39;1;5;27500
Yunusobod;4;90;2;4;64000
Uchtepa;2;54;3;5;34500
Mirobod;4;120;6;9;84000
Mirzo Ulugbek;2;57;5;5;45000
Mirzo Ulugbek;2;59;3;5;43000
Shayhontohur;3;70;1;4;65000
Yakkasaroy;4;90;4;4;85000
Yashnobod;1;20;2;4;14000
Chilonzor;1;35;4;4;28000
Yakkasaroy;1;39;1;5;27500
Olmzor;2;52;2;4;30000
Chilonzor;2;65;9;9;35000
Mirzo Ulugbek;1;20;4;4;13500
Yunusobod;3;72;1;9;52500
Yakkasaroy;4;94;4;4;75000
Mirobod;4;100;4;9;85000
Mirzo Ulugbek;1;35;2;4;28000
Yashnobod;2;50;2;4;31000
Yashnobod;3;75;7;9;45700
Yashnobod;2;65;4;8;41000
Yunusobod;3;75;2;4;59000
Yashnobod;3;75;8;9;41000
Yashnobod;4;120;2;4;116000
Mirzo Ulugbek;3;75;6;9;46000
Yashnobod;2;70;4;5;46000
Mirzo Ulugbek;3;72;3;5;58000
Yashnobod;1;35;7;9;20000
Mirzo Ulugbek;3;75;7;9;46500
Mirzo Ulugbek;5;200;6;9;138000
Mirzo Ulugbek;2;60;4;9;47000
Mirzo Ulugbek;2;60;8;9;48000
Yunusobod;2;58;3;4;38000
Mirzo Ulugbek;1;35;5;5;34555
Yashnobod;3;95;7;9;48000
Yashnobod;3;85;6;9;47500
Yashnobod;4;110;1;9;55000
Mirzo Ulugbek;1;33;1;5;26000
Mirzo Ulugbek;1;35;1;5;32000
Mirobod;4;110;5;9;115000
Yashnobod;3;75;6;9;45000
Mirzo Ulugbek;3;77;1;4;65000
Yashnobod;4;100;6;9;85000
Yashnobod;4;120;2;4;110000
Yashnobod;2;60;3;4;41700
Mirzo Ulugbek;2;55;3;5;42500
Mirobod;4;160;4;9;205000
Yunusobod;4;120;1;9;72000
Yunusobod;4;120;1;9;72222
Mirobod;1;40;1;9;47000
Mirzo Ulugbek;2;60;6;7;43000
Yakkasaroy;3;87;3;8;87000
Yunusobod;1;36;1;4;47000
Yunusobod;1;45;1;4;47000
Yashnobod;3;72;4;5;37000
Mirzo Ulugbek;2;60;3;4;65000
Mirobod;2;55;4;4;57500
Yunusobod;3;63;2;5;59000
Uchtepa;2;44;4;5;36000
Mirzo Ulugbek;2;65;4;9;49500
Chilonzor;2;52;1;4;31500
Chilonzor;2;42;4;4;34500
Shayhontohur;3;78;3;4;65000
Uchtepa;2;58;3;5;40000
Mirzo Ulugbek;4;90;4;5;58000
Mirzo Ulugbek;3;65;2;5;55500
Mirzo Ulugbek;2;35;4;4;35000
Olmzor;4;140;5;5;105000
Mirobod;3;90;5;5;57000
Mirzo Ulugbek;2;50;1;4;41000
Yakkasaroy;3;80;4;5;56000
Shayhontohur;3;68;2;5;45000
Chilonzor;3;65;1;5;51000
Sergeli;1;37;5;9;19000
Chilonzor;3;115;1;8;110000
Shayhontohur;4;118;1;8;115000
Yashnobod;2;56;4;9;42000
Mirobod;2;53;6;10;74200
Mirobod;1;52;7;9;46000
Yunusobod;3;107;10;13;80000
Chilonzor;1;30;2;4;33000
Chilonzor;3;58;3;4;56000
Mirzo Ulugbek;5;99;1;4;53700
Mirzo Ulugbek;1;30;2;4;29500
Yakkasaroy;3;68;5;5;56000
Yunusobod;2;51;4;5;32500
Mirzo Ulugbek;2;60;4;4;62000
Mirzo Ulugbek;1;22;3;4;21000
Yakkasaroy;2;55;13;13;33500
Yakkasaroy;5;196;3;7;170000
Yunusobod;3;107;10;13;80000
Yunusobod;2;43;3;4;54000
Chilonzor;1;42;3;4;26000
Chilonzor;2;47;4;4;28000
Olmzor;1;42;2;4;25000
Yunusobod;3;60;1;4;38500
Olmzor;2;78;4;7;55000
Yakkasaroy;2;43;5;16;39000
Yakkasaroy;2;64;1;5;42000
Mirobod;1;33;5;5;33000
Yunusobod;3;78;1;5;60000
Mirzo Ulugbek;1;34;1;4;35500
Mirzo Ulugbek;4;78;2;5;53500
Yunusobod;2;61;5;5;35000
Chilonzor;3;78;3;9;50000
Chilonzor;1;30;1;4;25000
Yunusobod;1;45;5;5;24000
Shayhontohur;4;100;8;9;63000
Yunusobod;3;72;4;4;53000
Olmzor;1;42;1;5;27000
Chilonzor;3;72;8;9;65000
Uchtepa;1;33;3;4;23700
Uchtepa;1;33;1;4;23000
Yashnobod;3;160;6;8;219000
Mirzo Ulugbek;3;65;4;5;40000
Mirobod;1;33;5;5;33000
Chilonzor;1;26;4;4;33000
Yakkasaroy;3;83;2;4;77000
Sergeli;2;69;2;4;45000
Chilonzor;1;31;1;5;24000
Yakkasaroy;2;64;1;5;42000
Mirzo Ulugbek;3;70;4;5;52500
Yakkasaroy;3;85;5;5;65000
Chilonzor;3;120;2;4;160000
Yunusobod;2;50;4;4;31500
Yunusobod;5;110;7;9;59900
Yashnobod;3;72;5;9;36500
Uchtepa;2;49;1;4;31500
Uchtepa;4;90;1;4;80000
Shayhontohur;2;57;3;4;40000
Shayhontohur;7;320;7;7;130000
Uchtepa;2;70;2;9;42967
Olmzor;1;42;2;4;27000
Chilonzor;3;75;3;4;65000
Yakkasaroy;3;70;3;4;68000
Uchtepa;4;80;5;5;40500
Chilonzor;3;90;6;12;55000
Mirobod;10;456;3;7;800000
Mirzo Ulugbek;2;56;3;5;32000
Chilonzor;2;42;2;4;33000
Mirzo Ulugbek;4;93;3;5;60000
Chilonzor;3;72;3;5;40000
Yakkasaroy;5;116;3;9;90000
Yakkasaroy;1;39;1;5;27500
Yakkasaroy;5;109;3;5;80000
Yashnobod;2;60;2;5;46000
Mirobod;3;75;8;9;76000
Yashnobod;1;40;8;9;19800
Olmzor;3;64;6;9;42000
Mirobod;1;47;6;9;58000
Mirobod;2;60;3;4;75000
Mirobod;1;45;3;4;52000
Yakkasaroy;2;53;4;5;52000
Chilonzor;3;54;4;4;38000
Chilonzor;1;32;4;5;24000
Mirzo Ulugbek;2;55;4;4;31000
Yunusobod;3;103;5;5;50000
Mirzo Ulugbek;2;62;2;4;33000
Sergeli;1;41,5;9;9;17871
Olmzor;1;42;4;5;25000
Mirzo Ulugbek;2;65;3;9;57000
Sergeli;4;100;9;9;50000
Yunusobod;2;52;3;4;59000
Yangihayot;2;28;1;4;23000
Mirzo Ulugbek;1;35;2;2;20500
Uchtepa;2;45,09;1;9;30500
Chilonzor;3;70;1;4;42000
Olmzor;3;65;6;9;50000
Shayhontohur;3;65;6;9;50000
Yakkasaroy;1;37;3;10;29000
Uchtepa;1;37;2;4;27500
Yashnobod;2;60;4;9;52000
Uchtepa;1;36;2;4;25700
Yashnobod;3;55;4;4;24000
Yakkasaroy;2;60,7;1;5;57000
Yunusobod;4;100;7;9;50000
Uchtepa;1;37;1;4;28500
Sergeli;1;18;2;4;13500
Chilonzor;1;30;2;4;26500
Chilonzor;2;38,17;2;4;35000
Yashnobod;1;37,29;9;9;20000
Yunusobod;2;71;3;6;62000
Chilonzor;1;36;3;5;25500
Chilonzor;1;42;1;5;28500
Chilonzor;1;40;2;5;25500
Chilonzor;2;58;4;4;36500
Chilonzor;2;62;4;4;36500
Chilonzor;2;50;3;5;34500
Chilonzor;2;48;2;4;35500
Chilonzor;2;48;2;5;35000
Olmzor;3;76;3;5;65000
Yakkasaroy;3;80;4;5;56000
Olmzor;4;170;3;9;130000
Yakkasaroy;5;217;6;8;217000
Chilonzor;4;135;4;4;95000
Yunusobod;1;18;1;4;12500
Mirobod;4;95;6;9;70000
Yashnobod;2;71;7;9;42000
Shayhontohur;1;40;4;4;28000
Olmzor;4;130;2;4;110000
Shayhontohur;4;110;12;12;68000
Uchtepa;4;80;3;5;52500
Uchtepa;4;93;4;4;77000
Chilonzor;2;50;2;4;33000
Mirobod;3;85;1;9;85000
Mirzo Ulugbek;3;75;3;4;51000
Sergeli;3;82;8;9;36000
Yakkasaroy;3;105;4;9;150000
Shayhontohur;3;85;4;12;53000
Yakkasaroy;2;64;1;5;42000
Yunusobod;3;70;4;4;43500
Uchtepa;3;79;3;4;67000
Yashnobod;2;48;3;4;31000
Mirobod;2;63;2;9;56000
Olmzor;2;68;4;7;55000
Yunusobod;1;42;2;4;62000
Shayhontohur;6;420;7;7;200000
Yashnobod;2;55;1;8;42000
Yunusobod;1;50;7;9;38000
Mirobod;4;121;5;10;115000
Yakkasaroy;6;235;6;12;140000
Chilonzor;2;56;4;4;30000
Yakkasaroy;1;39;1;5;27500
Mirzo Ulugbek;2;60;3;4;105000
Yunusobod;2;58;2;4;57000
Yunusobod;2;55;2;4;51998
Mirzo Ulugbek;2;65;2;4;51998
Yakkasaroy;2;52;2;4;48000
Mirzo Ulugbek;2;63;2;5;42000
Yunusobod;2;60;2;4;43000
Mirobod;2;57;7;9;35000
Mirzo Ulugbek;3;73;2;9;46000
Yunusobod;4;102;3;9;96000
Mirobod;4;110;5;9;148000
Mirobod;3;112;2;7;165000
Olmzor;1;43;2;4;23900
Mirzo Ulugbek;2;63;1;5;45000
Uchtepa;2;65;11;12;36000
Mirzo Ulugbek;2;77;4;10;56980
Mirobod;3;100;9;10;169000
Chilonzor;2;64;4;9;40000
Yashnobod;3;63;3;4;42000
Mirzo Ulugbek;2;56;2;5;48000
Chilonzor;3;65;3;4;47500
Yakkasaroy;4;100;1;5;119000
Chilonzor;4;92;9;9;56000
Mirobod;3;85;2;9;75000
Mirzo Ulugbek;2;50;5;8;29500
Mirobod;3;70;4;4;69000
Olmzor;4;130;2;4;110000
Chilonzor;2;60;4;5;38000
Chilonzor;2;60;2;5;39000
Chilonzor;2;60;3;4;39500
Mirzo Ulugbek;1;38;3;4;26000
Olmzor;2;68;4;7;55000
Uchtepa;3;72;5;5;38000
Yakkasaroy;2;60,7;1;5;57000
Yakkasaroy;5;116;3;9;90000
Yakkasaroy;5;109;3;5;80000
Chilonzor;2;67;1;9;48000
Chilonzor;3;93;4;5;80000
Chilonzor;3;70;2;4;58500
Chilonzor;2;40;2;4;36000
Mirobod;2;69;9;10;62000
Chilonzor;3;72;2;4;55200
Mirzo Ulugbek;3;117;2;5;125000
Chilonzor;3;72;4;9;51500
Sergeli;4;95;5;9;48000
Chilonzor;2;52;5;5;45000
Chilonzor;2;58;4;9;47000
Chilonzor;3;68;3;4;48900
Chilonzor;2;60;9;9;43000
Chilonzor;2;50;5;5;42000
Chilonzor;2;43;4;4;35000
Chilonzor;3;100;3;9;79000
Yakkasaroy;4;114;5;9;82000
Uchtepa;1;45;3;4;27500
Mirzo Ulugbek;4;100;3;4;135000
Mirzo Ulugbek;2;55;6;8;41000
Shayhontohur;5;232;7;8;260000
Chilonzor;1;30;3;4;26000
Chilonzor;3;78;7;9;55000
Chilonzor;1;34;2;4;29000
Chilonzor;1;30;2;4;23800
Uchtepa;2;50;2;4;31500
Chilonzor;1;30;1;4;26500
Chilonzor;1;34;2;4;29000
Chilonzor;2;52;2;4;36500
Uchtepa;4;78;1;4;56000
Uchtepa;3;80;4;4;51000
Chilonzor;2;48;1;4;37000
Chilonzor;2;50;4;4;33000
Chilonzor;2;80;8;8;48000
Yashnobod;2;51;2;9;42000
Chilonzor;2;50;1;4;35500
Yashnobod;3;63;4;4;39900
Mirzo Ulugbek;2;48;4;4;36000
Yashnobod;2;46;1;4;36000
Yashnobod;2;48;3;4;31000
Yashnobod;3;64;4;5;35000
Yashnobod;3;66;1;4;43000
Yashnobod;2;46;5;5;29000
Yakkasaroy;1;38;2;5;26700
Yunusobod;3;80;1;4;125000
Uchtepa;3;80;5;5;40000
Chilonzor;2;45;4;4;34500
Uchtepa;3;75;1;9;60700
Chilonzor;3;70;8;9;49500
Uchtepa;3;77;4;4;53500
Uchtepa;2;59;4;9;41500
Uchtepa;3;65;1;4;42000
Chilonzor;3;70;4;4;43000
Uchtepa;5;87;2;4;71000
Uchtepa;4;107;9;9;75000
Chilonzor;5;130;2;5;130000
Uchtepa;3;59;2;5;41000
Chilonzor;3;65;3;4;62000
Uchtepa;3;75;12;16;48000
Uchtepa;3;65;1;4;46900
Chilonzor;3;65;1;4;61000
Chilonzor;3;110;6;9;83500
Chilonzor;3;68;4;4;38000
Chilonzor;3;65;1;4;51000
Chilonzor;2;48;1;4;41000
Chilonzor;2;47;1;4;43000
Uchtepa;2;48;2;5;34000
Chilonzor;2;45;4;4;37000
Chilonzor;2;42;4;4;30300
Chilonzor;2;42;4;4;33500
Chilonzor;2;38;4;4;32500
Chilonzor;2;74;6;9;53000
Uchtepa;4;92;8;9;50500
Uchtepa;4;90;6;9;50000
Chilonzor;4;90;3;5;60000
Uchtepa;4;97;1;9;81500
Uchtepa;3;63;1;4;60000
Chilonzor;3;80;5;9;68000
Shayhontohur;3;75;8;9;55000
Chilonzor;3;61;3;9;64000
Chilonzor;3;68;3;4;53000
Chilonzor;3;70;1;4;68000
Uchtepa;3;92;2;5;79000
Uchtepa;3;70;4;4;44000
Uchtepa;3;75;4;9;48000
Chilonzor;3;60;1;4;52500
Chilonzor;3;75;2;9;76000
Uchtepa;3;70;3;5;51000
Mirzo Ulugbek;2;55;2;3;58000
Mirzo Ulugbek;2;100;4;9;100000
Mirzo Ulugbek;3;55;5;5;58000
Mirzo Ulugbek;1;28;5;5;29000
Uchtepa;2;48;2;4;32000
Yashnobod;3;50;3;4;36000
Mirobod;4;121;9;10;99000
Chilonzor;3;68;4;4;35900
Yunusobod;2;46;2;4;47500
Chilonzor;2;47;1;4;31500
Uchtepa;3;62;5;5;33200
Mirzo Ulugbek;2;58;3;5;34000
Olmzor;1;42;2;4;24000
Mirobod;3;65;1;2;48000
Shayhontohur;4;92;2;5;88000
Chilonzor;3;76;3;9;63000
Yakkasaroy;3;70;1;4;72000
Uchtepa;2;44;4;5;35500
Yakkasaroy;4;120;1;4;135000
Yakkasaroy;3;80;4;5;56000
Yunusobod;6;252;1;8;285000
Yakkasaroy;1;39;2;5;26700
Mirzo Ulugbek;3;80;3;4;115000
Yunusobod;3;92;3;4;95000
Mirzo Ulugbek;3;83;5;8;90000
Yakkasaroy;2;64;1;5;42000
Chilonzor;2;60;4;5;37000
Chilonzor;2;50;3;4;30500
Chilonzor;2;60;2;5;39500
Chilonzor;2;60;3;4;36000
Chilonzor;2;50;1;5;35500
Chilonzor;1;42;4;5;25500
Chilonzor;1;35;2;5;29000
Chilonzor;1;36;4;4;23000
Chilonzor;1;42;2;4;28500
Shayhontohur;2;60;2;4;35000
Uchtepa;3;65;3;5;33000
Chilonzor;4;100;3;4;56000
Mirobod;3;76;1;4;110000
Chilonzor;3;67;4;4;46000
Yashnobod;3;70;2;4;42000
Mirobod;4;135;2;4;167000
Chilonzor;4;84;3;4;62000
Uchtepa;3;79;3;4;50000
Uchtepa;2;40;1;4;33000
Yunusobod;3;80;1;4;125000
Chilonzor;3;60;5;5;39000
Uchtepa;3;80;5;5;40000
Chilonzor;2;50;3;5;36000
Chilonzor;2;50;4;4;38000
Chilonzor;3;68;4;5;43500
Yashnobod;3;70;2;5;48000
Uchtepa;1;32;4;4;24700
Uchtepa;3;75;1;9;60700
Chilonzor;3;72;8;9;47500
Chilonzor;3;78;1;5;68000
Chilonzor;2;42;2;4;38500
Uchtepa;3;70;5;5;44000
Chilonzor;3;70;4;4;40000
Chilonzor;5;110;3;5;78000
Chilonzor;4;146;3;9;67000
Chilonzor;2;49;1;3;58500
Uchtepa;4;111;7;9;67000
Uchtepa;4;84;5;5;57000
Uchtepa;4;84;3;5;53500
Sergeli;3;58;5;7;42000
Chilonzor;3;68;4;4;45000
Uchtepa;1;42;1;4;25990
Chilonzor;3;68;3;4;50000
Shayhontohur;2;60;2;9;55000
Chilonzor;1;37;3;4;26000
Uchtepa;3;65;1;4;44000
Chilonzor;2;60;7;9;44800
Uchtepa;2;47;4;4;35500
Chilonzor;1;45;6;8;41000
Mirzo Ulugbek;5;130;3;5;77000
Chilonzor;2;45;5;5;30500
Uchtepa;4;100;1;9;88000
Uchtepa;3;80;4;5;72000
Uchtepa;1;45;3;5;25000
Shayhontohur;4;98;1;9;97000
Shayhontohur;4;128;4;5;140000
Uchtepa;3;70;4;4;45000
Uchtepa;3;78;2;4;48000
Chilonzor;3;70;5;5;50000
Uchtepa;2;42;3;5;32500
Uchtepa;2;42;3;5;28000
Chilonzor;2;62;8;9;36000
Chilonzor;2;58;3;9;42000
Uchtepa;2;60;1;9;50000
Chilonzor;2;75;6;9;75000
Chilonzor;1;42;3;4;28000
Shayhontohur;1;39;1;4;27200
Chilonzor;2;50;2;4;43000
Chilonzor;3;73;9;9;57000
Uchtepa;2;52;1;5;28000
Yunusobod;2;60;3;4;36000
Uchtepa;4;84;5;5;48000
Mirobod;4;100;9;9;70000
Yakkasaroy;2;64;1;5;42000
Mirobod;4;147;3;12;132000
Yunusobod;4;95;4;4;60000
Uchtepa;2;40;4;5;30000
Uchtepa;3;68;5;5;55000
Uchtepa;3;70;3;4;72000
Uchtepa;2;42;2;5;29800
Uchtepa;2;42;4;5;28500
Uchtepa;3;70;2;4;68000
Uchtepa;2;47;3;4;33000
Uchtepa;2;48;2;4;40500
Chilonzor;2;45;1;4;38500
Chilonzor;1;43;5;9;35000
Uchtepa;2;47;3;4;38000
Chilonzor;3;65;1;4;45500
Mirzo Ulugbek;3;75;7;9;39500
Chilonzor;1;35;3;4;36500
Chilonzor;2;47;4;4;29500
Mirzo Ulugbek;3;75;5;9;41500
Yunusobod;4;98;3;5;80000
Chilonzor;3;64;2;3;43500
Chilonzor;3;70;4;4;45000
Mirzo Ulugbek;2;45;1;5;38000
Chilonzor;3;98;9;9;45000
Olmzor;2;28,52;1;4;30000
Uchtepa;2;42;4;5;29200
Mirobod;4;200;4;5;125000
Olmzor;2;75;4;9;41500
Mirobod;4;120;6;9;84000
Yakkasaroy;1;29;7;9;15682
Yashnobod;1;21;4;9;11500
Mirzo Ulugbek;3;75;2;4;43000
Yunusobod;5;254;1;8;285000
Mirzo Ulugbek;3;94;2;5;67000
Yunusobod;2;51;9;9;37002
Mirzo Ulugbek;4;90;4;4;61000
Mirzo Ulugbek;4;100;5;9;75000
Mirzo Ulugbek;4;90;3;4;69999
Mirobod;3;100;3;4;127000
Yakkasaroy;4;149;2;8;209000
Yashnobod;2;50;1;4;42000
Uchtepa;2;70;4;5;41500
Yunusobod;2;50;4;4;32000
Mirzo Ulugbek;1;38;4;4;26500
Yakkasaroy;2;60;4;4;45000
Yunusobod;2;60;3;5;47000
Mirobod;3;76;3;4;71000
Mirobod;3;75;6;9;60000
Yakkasaroy;6;145;1;9;142000
Yunusobod;2;56;4;4;41000
Shayhontohur;1;42;2;4;36500
Yakkasaroy;1;39;4;5;24500
Yunusobod;2;50;3;4;45000
Shayhontohur;5;120;3;4;75000
Yunusobod;2;50;2;3;32000
Mirobod;3;63;2;4;66000
Shayhontohur;3;80;6;9;48000
Yunusobod;2;42;4;9;25000
Shayhontohur;3;95;6;9;78000
Shayhontohur;2;48;8;9;69000
Yunusobod;2;83;2;9;63000
Uchtepa;3;100;3;4;71000
Chilonzor;3;75;2;9;66000
Shayhontohur;4;125;3;9;210000
Chilonzor;4;105;6;9;60000
Chilonzor;4;125;6;9;250000
Uchtepa;2;52;5;5;35000
Uchtepa;4;90;3;9;55000
Uchtepa;4;100;9;9;52000
Chilonzor;5;100;2;4;68000
Sergeli;2;41;4;7;32000
Mirobod;4;104;8;9;94000
Mirzo Ulugbek;5;103;4;4;48000
Shayhontohur;2;31;3;3;40000
Mirzo Ulugbek;4;92;3;5;62000
Uchtepa;2;52;1;5;53000
Shayhontohur;3;78;3;4;61000
Yakkasaroy;4;135;7;7;85000
Mirzo Ulugbek;2;53;1;4;70000
Mirobod;3;75;2;4;85000
Yakkasaroy;1;38;1;5;27000
Mirobod;3;83;2;4;80000
Mirobod;4;100;5;9;110000
Chilonzor;3;67;4;4;34500
Chilonzor;3;68;2;4;46500
Uchtepa;3;70;3;4;40500
Uchtepa;2;56;2;5;36500
Chilonzor;2;50;4;4;33000
Chilonzor;2;50;1;5;35000
Chilonzor;2;54;2;4;36500
Chilonzor;2;60;3;4;39000
Chilonzor;2;50;4;5;36500
Chilonzor;1;36;3;4;25000
Chilonzor;1;45;3;5;28500
Chilonzor;1;42;2;5;27500
Chilonzor;1;36;4;4;24500
Mirobod;4;120;13;16;66000
Yakkasaroy;2;118;7;8;90000
Mirzo Ulugbek;4;96;7;9;48000
Mirobod;4;175;3;12;145000
Mirzo Ulugbek;2;73;7;8;42000
Mirzo Ulugbek;1;35;1;4;28000
Yunusobod;4;92;4;4;89000
Yakkasaroy;3;80;4;5;56000
Mirzo Ulugbek;2;77;6;18;59000
Yashnobod;2;60;4;4;41500
Yunusobod;3;56;4;4;31080
Yakkasaroy;5;109;3;5;80000
Mirzo Ulugbek;4;110;5;9;70000
Yakkasaroy;1;38;2;5;26700
Yakkasaroy;5;116;3;9;90000
Chilonzor;3;90;5;9;57000
Shayhontohur;5;112;9;9;48000
Yakkasaroy;2;80;5;7;80000
Chilonzor;2;48;2;4;37000
Chilonzor;2;45;4;4;35200
Chilonzor;1;46;3;12;33500
Olmzor;4;83,18;5;5;55000
Yunusobod;2;56;4;4;30000
Olmzor;2;56,8;3;4;32000
Shayhontohur;2;60;3;9;46000
Chilonzor;3;64;2;3;43500
Chilonzor;3;73;9;9;57000
Uchtepa;4;100;1;9;88000
Uchtepa;2;52;1;5;28000
Uchtepa;2;40;4;5;30000
Uchtepa;2;47;3;4;33000
Chilonzor;2;47;4;4;29500
Chilonzor;2;45;1;4;38500
Yashnobod;4;136;1;9;85000
Shayhontohur;4;128;4;5;140000
Shayhontohur;4;98;1;9;97000
Uchtepa;3;78;2;4;48000
Chilonzor;4;90;1;5;68000
Chilonzor;3;70;5;5;50000
Chilonzor;1;42;3;4;28000
Chilonzor;2;40;4;4;42000
Chilonzor;3;72;8;9;47500
Chilonzor;3;78;1;5;68000
Chilonzor;3;72;4;9;51500
Uchtepa;4;111;7;9;67000
Uchtepa;4;84;3;5;55000
Uchtepa;1;42;1;4;25500
Chilonzor;2;47;1;4;41500
Chilonzor;3;65;4;4;42000
Uchtepa;2;47;4;4;35500
Chilonzor;3;68;3;4;50000
Chilonzor;1;45;6;8;41000
Chilonzor;3;68;4;4;45000
Chilonzor;2;49;1;3;58500
Uchtepa;3;72;9;9;36500
Uchtepa;3;80;4;5;72000
Chilonzor;5;110;3;5;78000
Chilonzor;3;72;2;4;55200
Uchtepa;2;50;2;4;43000
Chilonzor;2;58;6;9;41000
Chilonzor;3;105;7;8;130000
Uchtepa;3;72;8;9;48000
Yunusobod;2;56;4;5;34500
Shayhontohur;4;100;7;7;70000
Chilonzor;3;78;5;9;50000
Chilonzor;3;68;4;4;34500
Chilonzor;3;70;2;5;46000
Chilonzor;1;43;1;5;26500
Chilonzor;1;36;2;4;24700
Chilonzor;2;50;1;5;35000
Chilonzor;2;50;4;4;34500
Chilonzor;2;50;2;5;36000
Chilonzor;2;60;3;9;37500
Chilonzor;2;60;3;5;39500
Chilonzor;2;50;4;4;33500
Chilonzor;2;56;1;4;32000
Yakkasaroy;1;42;3;4;41498
Mirzo Ulugbek;2;55;2;5;35000
Chilonzor;1;30;1;4;26500
Sergeli;3;78;1;9;55000
Chilonzor;1;37;1;4;28000
Yashnobod;3;70;7;9;51000
Mirobod;1;35;3;5;37000
Olmzor;2;60;3;4;39000
Chilonzor;1;35;2;4;28000
Yashnobod;2;45;5;9;31000
Olmzor;4;95;6;9;72000
Yakkasaroy;4;40;5;5;31000
Sergeli;3;80;5;5;40000
Chilonzor;3;96;2;4;68000
Chilonzor;1;30;1;4;32000
Chilonzor;1;37;1;4;28000
Yashnobod;3;70;7;9;51000
Mirobod;1;35;3;5;37000
Olmzor;2;60;3;4;39000
Chilonzor;1;35;2;4;28000
Yashnobod;2;45;5;9;31000
Olmzor;4;95;6;9;72000
Yakkasaroy;4;40;5;5;31000
Sergeli;3;80;5;5;40000
Chilonzor;3;96;2;4;68000
Chilonzor;1;30;1;4;32000
Mirobod;4;90;2;4;105000
Mirzo Ulugbek;3;95;5;5;50000
Yakkasaroy;3;88;5;5;45500
Yakkasaroy;3;80;4;5;56000
Shayhontohur;1;43;2;4;37500
Shayhontohur;2;58;2;4;47700
Mirzo Ulugbek;3;73;6;8;68000
Mirzo Ulugbek;3;56;5;5;47000
Mirzo Ulugbek;4;80;4;4;27500
Mirobod;4;185;4;8;168000
Shayhontohur;3;70;6;7;60000
Yakkasaroy;1;39;2;5;26700
Yashnobod;3;100;2;8;80000
Yangihayot;3;70;3;9;61900
Yakkasaroy;3;80;4;5;56000
Shayhontohur;4;140;4;7;126000
Yunusobod;1;43;2;5;62000
Uchtepa;1;33;1;4;23000
Yunusobod;4;106;6;9;74000
Mirzo Ulugbek;3;84;7;8;85000
Yakkasaroy;2;57;3;4;54000
Yakkasaroy;2;62;6;9;55000
Shayhontohur;3;70;4;4;62000
Uchtepa;3;65;4;4;34200
Olmzor;3;120;2;5;95000
Yakkasaroy;4;120;1;4;135000
Shayhontohur;2;58;2;4;48000
Yunusobod;4;82;4;4;59000
Yashnobod;2;43;1;4;29500
Mirzo Ulugbek;2;75;6;9;65000
Yashnobod;2;59;6;8;36000
Mirzo Ulugbek;1;35;3;4;28000
Mirobod;3;77,6;4;5;65000
Mirobod;4;184;2;7;305000
Yakkasaroy;4;90;3;4;90000
Mirzo Ulugbek;4;190;3;8;365000
Yakkasaroy;5;109;3;5;80000
Chilonzor;4;80;3;5;45000
Mirzo Ulugbek;3;80;6;7;75000
Yunusobod;2;50;3;4;38500
Yunusobod;4;100;6;9;82000
Uchtepa;3;68;5;5;36200
Chilonzor;3;78;5;9;50000
Chilonzor;4;105;6;9;60000
Olmzor;2;59,31;1;7;40000
Yunusobod;2;50;1;4;43000
Mirzo Ulugbek;3;100;13;25;125000
Mirzo Ulugbek;4;110;4;9;60000
Mirzo Ulugbek;2;50;3;4;42500
Yashnobod;3;90;4;7;90000
Mirobod;4;151;2;8;385000
Yashnobod;1;39;2;4;24000
Yashnobod;2;57;1;6;28500
Mirzo Ulugbek;5;140;3;8;98000
Shayhontohur;2;56,14;3;4;40000
Mirzo Ulugbek;3;83;2;8;77000
Yashnobod;3;86;4;9;90000
Mirzo Ulugbek;3;84;7;8;80000
Yashnobod;1;27;1;3;22500
Yashnobod;2;63;8;9;42000
Mirzo Ulugbek;3;75;6;9;80000
Mirzo Ulugbek;2;45;4;4;36000
Mirzo Ulugbek;1;40;4;4;35000
Yakkasaroy;3;73;2;10;82000
Mirobod;3;75;6;9;110000
Mirzo Ulugbek;4;190;3;8;365000
Mirzo Ulugbek;3;80;3;4;120000
Yunusobod;1;50;7;9;39000
Mirzo Ulugbek;3;95;5;18;67000
Mirobod;3;100;5;9;110000
Yunusobod;3;75;3;4;73000
Mirobod;2;65;3;9;78000
Yunusobod;2;55;1;9;43000
Yakkasaroy;3;72;3;4;45000
Yashnobod;2;58,8;5;5;28000
Mirobod;2;63;2;6;89000
Shayhontohur;2;65;3;4;56500
Yakkasaroy;3;93;4;4;65000
Mirobod;4;120;1;4;135000
Shayhontohur;6;268;1;3;260000
Yakkasaroy;1;38;2;5;26700
Chilonzor;2;42;1;4;42900
Mirobod;5;225;5;8;350000
Yunusobod;2;62;1;4;40000
Uchtepa;2;49;4;4;30000
Sergeli;2;56,2;4;5;29500
Chilonzor;2;46;4;5;26500
Mirzo Ulugbek;4;157;5;9;201493
Chilonzor;2;55;4;5;54000
Yashnobod;1;34;4;5;18000
Shayhontohur;2;62;4;8;62000
Shayhontohur;3;70;4;4;45000
Yakkasaroy;1;26;1;4;30000
Mirzo Ulugbek;3;115;2;9;115000
Mirobod;3;75;3;4;71000
Mirzo Ulugbek;3;78;2;5;60000
Yunusobod;2;81;9;9;55000
Mirzo Ulugbek;4;92;2;5;60000
Mirzo Ulugbek;3;75;7;9;39500
Yakkasaroy;2;53;3;4;51000
Olmzor;5;97;3;4;60000
Sergeli;3;80;8;9;41000
Chilonzor;2;48;1;4;34500
Mirobod;3;65;2;2;32500
Chilonzor;2;58;1;9;39500
Chilonzor;3;68;5;5;34500
Chilonzor;3;65;1;4;54000
Chilonzor;3;70;2;4;46000
Chilonzor;1;26;1;4;28000
Chilonzor;2;65;1;9;41000
Uchtepa;2;56;3;5;33000
Chilonzor;2;56;2;4;39500
Chilonzor;2;50;3;5;35500
Chilonzor;2;68;4;5;38000
Chilonzor;1;30;2;5;26000
Chilonzor;1;36;2;4;29500
Chilonzor;1;42;4;4;25500
Chilonzor;1;46;2;4;29500
Uchtepa;3;70;6;16;42000
Chilonzor;4;75,8;3;5;58000
Chilonzor;1;34;1;4;27000
Chilonzor;1;30;2;4;25200
Yakkasaroy;1;38;2;5;26700
Chilonzor;2;50;1;4;38000
Chilonzor;1;32;2;4;26000
Yashnobod;2;62;2;7;55000
Chilonzor;3;70;3;4;48000
Yakkasaroy;3;260;1;6;235000
Chilonzor;3;72;1;4;47500
Uchtepa;2;55;2;4;35000
Chilonzor;1;30;2;4;26000
Chilonzor;2;60;4;4;33500
Chilonzor;1;32;3;4;25000
Mirzo Ulugbek;1;30;3;4;22000
Mirzo Ulugbek;1;30;1;4;22500
Mirzo Ulugbek;2;45;1;4;35000
Yashnobod;2;40;1;4;28000
Uchtepa;2;43;1;5;30500
Yunusobod;3;75;3;4;73000
Mirzo Ulugbek;1;50;4;18;60000
Yashnobod;2;51;4;6;27000
Uchtepa;4;68;5;5;40000
Yunusobod;4;90;2;4;77000
Yashnobod;4;100;5;5;43000
Chilonzor;1;27;1;4;28500
Sergeli;4;98;2;9;41000
Chilonzor;1;39;3;4;26000
Sergeli;1;48;4;5;27000
Shayhontohur;1;42;2;12;41200
Mirobod;2;48;1;4;40000
Chilonzor;2;48;2;4;34000
Yashnobod;2;36;3;4;21000
Mirzo Ulugbek;2;50;5;8;29000
Uchtepa;1;35;4;4;26500
Mirobod;5;120;5;9;85000
Yakkasaroy;1;38;2;5;26700
Yunusobod;1;43;2;5;62000
Mirobod;5;225;1;5;215000
Shayhontohur;2;70;3;7;59000
Uchtepa;3;61;3;4;42000
Chilonzor;2;51;1;4;33000
Mirzo Ulugbek;3;75;8;9;51000
Mirzo Ulugbek;4;140;1;4;110000
Yunusobod;2;60;1;4;60000
Shayhontohur;2;84;3;4;73000
Yashnobod;2;46;1;1;27000
Yashnobod;3;77;5;7;80000
Mirobod;5;120;7;9;108000
Mirzo Ulugbek;3;78;3;5;52991
Mirzo Ulugbek;2;60;5;5;35000
Mirzo Ulugbek;4;78;4;5;63000
Mirobod;4;120;1;5;135000
Yakkasaroy;2;53;5;8;43500
Yashnobod;3;75;4;9;63000
Mirzo Ulugbek;1;33;2;4;24000
Mirzo Ulugbek;3;107;4;7;87000
Mirzo Ulugbek;4;100;3;4;95000
Mirzo Ulugbek;3;95;7;10;140000
Mirzo Ulugbek;4;90;3;4;73000
Mirzo Ulugbek;5;110;5;5;50000
Chilonzor;1;16,7;3;4;27000
Yashnobod;3;72;7;8;52000
Mirobod;3;75;6;9;57500
Yakkasaroy;3;105;4;9;150000
Mirzo Ulugbek;3;70;8;9;65000
Bektemir;3;58;6;9;28000
Mirzo Ulugbek;3;70;1;5;57000
Mirzo Ulugbek;2;47;3;5;30000
Mirobod;4;185;4;6;350000
Yunusobod;3;74;3;4;63000
Olmzor;3;70;4;4;37500
Chilonzor;2;51;2;4;34800
Mirzo Ulugbek;2;68;4;4;45000
Yunusobod;2;50;3;4;36500
Olmzor;3;117;3;6;84000
Yunusobod;3;80;2;5;53000
Mirobod;3;65;4;4;57000
Mirobod;5;120;7;9;108000
Yashnobod;4;89;6;9;51000
Mirzo Ulugbek;2;66,4;2;8;55000
Olmzor;3;183;3;4;90000
Yakkasaroy;1;44;2;9;27000
Chilonzor;2;55;1;4;41000
Chilonzor;1;30;4;5;27000
Sergeli;4;110;8;9;55000
Shayhontohur;4;100;5;9;73000
Shayhontohur;2;55;4;9;33000
Yunusobod;3;70;8;9;57000
Mirzo Ulugbek;2;58;4;5;34500
Mirzo Ulugbek;2;65;4;4;63000
Yunusobod;3;68;4;4;37500
Yakkasaroy;3;70;6;8;82000
Yashnobod;2;84;5;6;33600
Mirzo Ulugbek;3;113;5;8;56900
Yashnobod;3;87;4;6;34800
Yunusobod;6;137;6;9;89050
Yunusobod;4;79;2;4;55000
Yakkasaroy;4;90;3;4;90000
Mirzo Ulugbek;3;75;5;9;63000
Yunusobod;5;215;4;9;161000
Mirzo Ulugbek;2;60;3;5;32000
Mirzo Ulugbek;3;72;4;4;41000
Mirzo Ulugbek;1;35;1;4;24500
Mirzo Ulugbek;3;66;4;5;41500
Yunusobod;3;67;3;4;57000
Shayhontohur;4;110;12;12;68000
Mirzo Ulugbek;3;75;5;9;41500
Mirzo Ulugbek;4;100;1;4;87000
Mirzo Ulugbek;3;75;7;9;39500
Uchtepa;3;80;3;12;47500
Mirzo Ulugbek;3;94;2;5;67000
Olmzor;2;74;4;9;41500
Mirzo Ulugbek;3;85;1;4;110000
Chilonzor;4;130;3;8;210000
Mirzo Ulugbek;3;65;4;5;42000
Yashnobod;3;75;5;9;41500
Chilonzor;1;35;2;4;27000
Mirzo Ulugbek;3;75;7;9;39500
Yashnobod;3;75,41;10;10;35000
Mirzo Ulugbek;1;40;3;3;30500
Mirzo Ulugbek;2;72;18;19;55000
Yunusobod;10;448;7;7;425600
Uchtepa;4;88;4;5;47500
Mirobod;1;28;2;4;25500
Chilonzor;1;28;1;4;29500
Chilonzor;2;55;1;4;41000
Uchtepa;3;80;4;5;44000
Mirobod;6;160;4;9;130000
Yashnobod;2;49;2;2;25000
Mirobod;2;62;4;4;53000
Yashnobod;1;20;3;4;12800
Yunusobod;3;60;3;3;70000
Chilonzor;5;130;2;9;110000
Yakkasaroy;3;80;10;16;70000
Yunusobod;3;78;1;5;56000
Yakkasaroy;5;109;3;5;80000
Olmzor;2;78;9;9;40500
Chilonzor;2;48;1;4;39000
Olmzor;1;30,5;9;9;21500
Yakkasaroy;3;72;3;5;97500
Shayhontohur;3;85;2;9;52000
Mirzo Ulugbek;2;56,89;2;5;48000
Chilonzor;1;35;1;4;28800
Yunusobod;1;45;5;5;24200
Mirobod;3;128;6;12;89000
Chilonzor;1;32;3;5;28500
Yunusobod;2;50;3;4;31000
Uchtepa;4;93;4;4;77000
Uchtepa;3;79;3;4;67000
Shayhontohur;3;78;4;4;48000
Mirzo Ulugbek;3;100;6;7;75000
Shayhontohur;4;125;1;5;118000
Yunusobod;4;138;2;4;84000
Yakkasaroy;3;65;4;5;59500
Shayhontohur;3;88;2;5;100000
Yunusobod;3;80;2;7;90000
Yakkasaroy;5;182;7;8;160000
Yunusobod;3;78;2;5;52500
Yunusobod;4;86;3;4;48000
Yunusobod;2;53;4;4;31500
Mirobod;3;72;3;9;52000
Yunusobod;2;50;3;4;34000
Shayhontohur;4;84;4;4;79000
Chilonzor;2;40;3;4;33800
Mirzo Ulugbek;1;45;2;4;50000
Sergeli;4;84;7;9;70000
Chilonzor;3;70;2;4;46000
Shayhontohur;3;67;1;5;52000
Sergeli;1;38;1;5;23000
Yunusobod;1;31;2;4;23000
Olmzor;1;41;4;4;22600
Olmzor;2;94;3;5;47000
Yunusobod;2;57;4;4;36000
Yashnobod;4;76,12;2;4;50000
Sergeli;3;78;2;9;47000
Sergeli;3;80;5;9;53000
Yunusobod;3;85;1;9;85000
Yunusobod;1;23,7;4;4;18000
Yunusobod;4;96;2;5;53000
Yashnobod;2;40;2;4;20000
Chilonzor;4;94;4;5;69999
Mirzo Ulugbek;2;61;2;5;33500
Mirzo Ulugbek;2;55;6;9;33500
Mirzo Ulugbek;2;69;12;12;33000
Mirzo Ulugbek;2;64;3;9;53500
Shayhontohur;3;72;4;4;42000
Chilonzor;2;63;3;9;32000
Mirzo Ulugbek;2;140;1;8;70000
Yunusobod;7;190;1;3;72000
Yakkasaroy;1;45;3;4;41000
Chilonzor;2;63;3;9;32000
Mirzo Ulugbek;2;55;4;4;32000
Chilonzor;3;78;7;9;55000
Mirobod;3;105;2;8;170000
Yunusobod;4;100;1;9;87000
Shayhontohur;3;70;8;9;46000
Chilonzor;4;105;6;9;63000
Mirzo Ulugbek;2;60;4;4;31500
Mirobod;3;110;4;8;120000
Yunusobod;2;60;2;9;45000
Yakkasaroy;2;60;5;9;47000
Yakkasaroy;3;103;1;9;145000
Uchtepa;4;80;2;5;82000
Mirobod;2;62;2;9;57000
Chilonzor;1;30;3;4;27500
Chilonzor;1;30;3;4;27500
Yunusobod;4;100;7;9;65000
Mirobod;4;107;8;9;105000
Yunusobod;3;103;3;6;90000
Chilonzor;3;65;4;4;54000
Chilonzor;3;75;2;4;53000
Shayhontohur;3;72;4;9;60000
Mirobod;4;90;2;4;105000
Mirzo Ulugbek;4;100;9;9;110000
Uchtepa;2;58;2;4;32000
Mirzo Ulugbek;3;70;2;4;41500
Mirobod;4;95;1;9;118000
Mirobod;1;27;3;3;18600
Yashnobod;4;320;4;4;255000
Mirobod;2;47;4;4;43000
Yashnobod;4;320;4;4;255000
Mirzo Ulugbek;3;78;4;4;66000
Chilonzor;2;60;3;4;39500
Chilonzor;2;60;3;9;35000
Chilonzor;2;58;2;5;35500
Chilonzor;2;50;2;4;34500
Chilonzor;2;60;3;5;38000
Chilonzor;1;36;2;4;27500
Chilonzor;1;45;2;5;29500
Chilonzor;1;36;4;4;25500
Chilonzor;1;36;4;4;25500
Chilonzor;1;30;2;4;23500
Mirobod;2;62;3;9;53000
Sergeli;2;74;2;9;34000
Mirobod;2;65;9;9;48500
Mirobod;2;65;9;9;47000
Yashnobod;3;50;3;4;38700
Yakkasaroy;1;44;2;9;27000
Yashnobod;1;41;1;9;23000
Yakkasaroy;5;116;3;9;88000
Mirzo Ulugbek;2;41;3;5;36500
Mirzo Ulugbek;1;43;4;4;62000
Chilonzor;2;47;4;4;26000
Mirobod;2;80;9;9;66500
Olmzor;2;57;5;5;35000
Chilonzor;2;50;1;4;34500
Yashnobod;3;89,8;1;8;31500
Yashnobod;1;58,6;4;8;20500
Uchtepa;2;65;7;9;36500
Yunusobod;2;70;4;9;60000
Chilonzor;1;33;4;4;25000
Mirzo Ulugbek;4;92;3;5;61000
Mirzo Ulugbek;4;95;3;5;61000
Shayhontohur;2;65;3;4;56500
Sergeli;2;54;9;10;28423
Mirzo Ulugbek;2;53;4;4;37000
Yakkasaroy;5;112;8;9;60000
Chilonzor;2;57;2;4;46000
Mirobod;4;103;6;9;70000
Yunusobod;3;80;1;4;100000
Yakkasaroy;4;84;5;12;70000
Yashnobod;4;100;3;9;60000
Mirzo Ulugbek;4;123;1;5;300000
Mirobod;1;55;9;9;57000
Mirobod;1;55;9;9;65000
Mirzo Ulugbek;3;74;7;9;61000
Mirzo Ulugbek;3;78;3;4;72000
Yakkasaroy;1;43;5;16;36500
Yakkasaroy;1;28;4;4;29000
Mirzo Ulugbek;3;70;4;5;46000
Uchtepa;1;37;2;4;24500
Uchtepa;1;42;1;5;26500
Shayhontohur;4;84;2;4;95000
Uchtepa;1;37;2;4;28000
Yunusobod;3;72;7;9;46000
Mirzo Ulugbek;1;33;4;4;19000
Mirzo Ulugbek;2;42;2;5;33500
Mirzo Ulugbek;5;100;4;4;48000
Mirzo Ulugbek;1;35;1;4;24500
Mirzo Ulugbek;2;46;4;4;28000
Mirzo Ulugbek;2;60;3;5;30500
Mirzo Ulugbek;3;62;5;5;35000
Yunusobod;2;60;2;9;45000
Yangihayot;2;52;3;7;41000
Mirobod;3;70;2;4;75000
Mirobod;2;60;4;4;60000
Yakkasaroy;3;52;3;5;65000
Olmzor;1;42;5;5;26500
Yakkasaroy;2;42;3;5;52000
Chilonzor;1;15;3;4;12000
Yunusobod;3;103;3;6;90000
Chilonzor;1;42;3;5;31500
Uchtepa;2;58;2;4;32000
Mirzo Ulugbek;2;55;1;4;36000
Mirobod;4;107;8;9;105000
Yunusobod;4;95;4;4;59900
Chilonzor;1;35;3;4;27000
Chilonzor;1;28;2;4;24000
Mirzo Ulugbek;2;55;4;5;34500
Mirzo Ulugbek;1;18;6;9;10500
Mirzo Ulugbek;2;55;2;5;32500
Mirzo Ulugbek;2;55;1;5;36000
Yunusobod;3;75;4;9;77000
Uchtepa;1;41;3;5;26000
Uchtepa;3;72;3;9;45500
Mirzo Ulugbek;3;110;1;4;110000
Mirobod;5;115;5;9;83000
Mirobod;4;110;5;9;85000
Mirzo Ulugbek;4;86;2;5;80000
Sergeli;2;44;1;7;34000
Mirobod;2;40;1;1;26000
Yashnobod;4;94;4;4;37000
Mirobod;2;40;1;1;26000
Yashnobod;4;94;4;4;37000
Mirobod;1;40;1;4;22500
Sergeli;3;82;7;10;43160
Yashnobod;2;50;4;4;24000
Sergeli;2;56;1;7;38000
Olmzor;3;80;6;7;58000
Chilonzor;2;58;4;9;31500
Yunusobod;4;82;1;4;85000
Shayhontohur;2;75;4;7;47000
Mirobod;4;104;8;9;94000
Uchtepa;2;50;4;4;29500
Mirobod;2;65;1;2;30000
Yashnobod;3;105;4;8;160000
Yashnobod;3;70;3;4;42000
Chilonzor;2;60;5;9;35000
Chilonzor;2;50;3;5;33500
Chilonzor;2;50;2;4;34500
Uchtepa;2;65;4;5;38500
Chilonzor;2;50;1;5;37000
Chilonzor;1;40;1;5;25500
Chilonzor;1;32;1;4;27000
Mirzo Ulugbek;2;65;5;9;38800
Mirzo Ulugbek;4;180;3;9;110000
Yashnobod;3;90;5;9;55000
Yunusobod;2;69;5;7;52000
Uchtepa;3;72;7;9;39000
Mirobod;3;81;3;5;41500
Chilonzor;1;30;2;4;29300
Chilonzor;1;30;4;4;25900
Uchtepa;2;59;4;9;32000
Chilonzor;3;65;4;4;43500
Chilonzor;3;72;5;9;57000
Yunusobod;2;55;2;4;55000
Yunusobod;3;75;4;9;80000
Yakkasaroy;2;65;1;4;40000
Mirobod;4;100;15;16;130000
Yunusobod;2;45;1;5;40000
Shayhontohur;3;96;4;8;110000
Mirobod;3;72;1;2;40000
Yakkasaroy;2;65;4;7;88000
Mirobod;4;200;5;8;265000
Mirzo Ulugbek;4;102;2;5;55000
Yakkasaroy;3;70;11;13;45000
Mirzo Ulugbek;1;38;3;5;22500
Yunusobod;3;72;3;4;42000
Mirzo Ulugbek;4;92;5;5;41500
Sergeli;2;52;1;7;34900
Mirobod;4;100;6;9;70000
Mirzo Ulugbek;3;84;8;12;56000
Yunusobod;2;65;2;4;38500
Mirobod;4;100;2;4;78000
Mirobod;2;55;3;3;26900
Sergeli;3;76;5;5;33000
Mirobod;4;165;2;4;210000
Mirobod;4;135;2;4;165000
Mirobod;4;147;3;12;132000
Uchtepa;3;70;2;5;43500
Yakkasaroy;4;150;2;7;200000
Yakkasaroy;2;58;4;5;45000
Yakkasaroy;4;96;5;9;66000
Shayhontohur;3;72;2;5;48000
Olmzor;3;107;3;7;98000
Mirobod;5;115;7;9;105000
Yunusobod;2;63;5;9;45000
Sergeli;4;135;1;3;70500
Chilonzor;3;72;4;12;60000
Uchtepa;3;72;9;9;40000
Mirzo Ulugbek;3;79;5;5;45000
Mirobod;4;100;3;4;125000
Mirobod;4;115;9;9;75000
Olmzor;6;200;3;4;65000
Yunusobod;3;76,87;2;4;80000
Mirzo Ulugbek;3;108;4;7;105000
Yashnobod;3;90;5;9;90000
Mirzo Ulugbek;4;140;1;4;110000
Mirzo Ulugbek;2;56;7;9;39000
Chilonzor;2;42;4;4;31500
Chilonzor;2;57;2;4;46900
Yashnobod;2;54;4;4;31500
Chilonzor;3;75;5;9;51000
Mirobod;2;65;9;9;45000
Shayhontohur;4;98;1;5;92000
Mirzo Ulugbek;2;58;3;5;34000
Yakkasaroy;3;70;4;4;70500
Mirzo Ulugbek;3;56;5;5;50000
Mirobod;3;100;1;9;142000
Mirobod;4;170;3;9;170000
Mirzo Ulugbek;3;75;3;14;67000
Chilonzor;1;30;1;3;25000
Yunusobod;2;62;3;4;57500
Shayhontohur;5;97;4;5;58000
Mirzo Ulugbek;2;60;2;4;49000
Yunusobod;4;82;1;4;85000
Yashnobod;2;47;4;5;26000
Uchtepa;4;80;1;5;52000
Uchtepa;3;58;5;5;35000
Yashnobod;3;70;2;4;48000
Yashnobod;3;62;6;7;60000
Mirzo Ulugbek;2;46;5;10;23000
Mirzo Ulugbek;1;38;5;5;19000
Mirzo Ulugbek;2;45;5;10;22500
Mirzo Ulugbek;2;69;5;10;34500
Mirzo Ulugbek;2;43;3;10;21500
Yashnobod;3;87;3;6;34800
Yashnobod;3;80;1;4;85000
Mirzo Ulugbek;2;45;1;4;39000
Yashnobod;2;50;5;5;23500
Mirzo Ulugbek;2;62;2;5;33500
Yunusobod;4;82;1;4;85000
Mirzo Ulugbek;4;92;3;5;63000
Mirzo Ulugbek;2;50;4;5;31000
Yakkasaroy;3;103;1;9;105000
Uchtepa;3;70;5;5;40000
Uchtepa;3;70;4;5;46000
Mirobod;3;75;7;9;90000
Yakkasaroy;2;42;2;2;43000
Uchtepa;3;70;5;5;44000
Chilonzor;3;60;1;4;52500
Yashnobod;4;70,06;4;4;50000
Uchtepa;2;44;1;4;29500
Uchtepa;3;63;1;4;69000
Chilonzor;3;72;5;9;53000
Uchtepa;3;72;5;5;45000
Chilonzor;3;62;3;4;38000
Uchtepa;2;48;5;5;27000
Chilonzor;2;42;4;4;31000
Uchtepa;3;70;1;4;54000
Chilonzor;2;48;2;3;34000
Uchtepa;1;33;2;4;28000
Uchtepa;2;50;4;4;30000
Chilonzor;1;30;2;4;28200
Uchtepa;4;73;1;5;65000
Mirobod;3;90;3;4;118000
Mirzo Ulugbek;3;131;1;8;150000
Chilonzor;3;70;4;4;51000
Mirobod;4;100;5;5;54500
Uchtepa;4;76;4;4;47500
Uchtepa;2;45;4;5;30000
Chilonzor;1;38;1;4;28900
Chilonzor;1;27;3;4;32000
Chilonzor;5;117;1;4;95000
Chilonzor;4;78;2;4;65000
Chilonzor;2;50;3;5;36500
Chilonzor;2;60;4;9;34500
Chilonzor;1;40;1;4;27500
Chilonzor;2;54;3;5;32000
Chilonzor;3;65;4;4;38500
Chilonzor;2;48;2;4;38000
Uchtepa;1;58;9;12;26000
Uchtepa;3;75;3;9;51500
Chilonzor;1;32;4;4;27700
Uchtepa;3;72;1;9;60000
Chilonzor;2;46;4;4;31000
Chilonzor;3;78;3;5;58000
Uchtepa;3;80;3;4;55500
Uchtepa;4;108;3;3;70000
Chilonzor;3;135;1;4;148000
Uchtepa;4;98;4;4;58000
Chilonzor;2;47;1;4;33000
Uchtepa;4;80;5;5;53000
Chilonzor;4;72;4;4;50000
Yashnobod;2;52;8;9;27000
Chilonzor;4;98;3;9;84000
Uchtepa;4;92;3;4;59500
Uchtepa;3;72;8;9;40000
Uchtepa;4;80;1;4;47000
Uchtepa;3;70;5;5;44000
Uchtepa;3;70;9;9;44000
Uchtepa;2;50;4;4;35000
Chilonzor;2;52;3;4;38900
Uchtepa;3;67;3;4;51000
Uchtepa;3;84;14;16;49000
Uchtepa;3;60;4;4;45000
Chilonzor;1;33;3;4;24500
Uchtepa;4;120;1;4;110000
Uchtepa;2;61;6;9;37000
Uchtepa;2;50;1;4;52500
Uchtepa;3;70;4;4;47500
Uchtepa;3;70;4;4;41500
Chilonzor;3;68;3;4;57500
Chilonzor;3;65;1;4;43000
Chilonzor;2;42;1;4;41500
Chilonzor;3;110;3;9;78000
Chilonzor;3;68;3;4;50000
Chilonzor;2;45;4;4;32000
Chilonzor;3;68;4;5;55000
Chilonzor;3;65;1;4;48000
Chilonzor;2;43;1;4;32000
Chilonzor;2;54;3;4;45500
Chilonzor;2;52;2;4;56500
Chilonzor;2;63;2;5;46500
Mirobod;4;135;3;9;105000
Uchtepa;4;90;5;5;46000
Uchtepa;4;90;3;5;58000
Uchtepa;3;92;9;9;47500
Chilonzor;3;80;8;9;66000
Uchtepa;3;72;1;9;48000
Uchtepa;2;71;4;5;67000
Chilonzor;3;76;5;5;49000
Chilonzor;2;45;4;4;36500
Uchtepa;4;137;5;5;94000
Shayhontohur;4;100;9;9;68000
Shayhontohur;4;100;2;9;87000
Shayhontohur;2;57;4;5;35000
Olmzor;2;52;1;4;52500
Sergeli;2;58;1;3;41000
Yunusobod;1;42;1;4;53000
Uchtepa;2;28;1;4;43000
Chilonzor;3;90;4;4;84000
Chilonzor;3;64;2;4;46000
Chilonzor;3;66;9;9;73500
Chilonzor;2;55;4;4;43000
Uchtepa;2;40;2;4;35000
Uchtepa;2;47;3;4;32000
Uchtepa;2;53;4;4;31500
Uchtepa;2;52;2;4;35000
Uchtepa;2;45;1;4;35000
Uchtepa;2;50;4;4;37000
Uchtepa;2;43;2;5;37000
Chilonzor;2;46;3;4;33000
Chilonzor;2;48;2;4;38000
Chilonzor;2;50;2;4;40000
Chilonzor;2;45;3;4;42500
Uchtepa;4;80;1;5;65000
Chilonzor;4;100;3;4;57000
Chilonzor;4;80;4;4;51500
Chilonzor;4;96;8;9;57500
Chilonzor;4;90;9;9;53000
Chilonzor;4;94;3;9;119000
Uchtepa;3;80;7;9;45000
Uchtepa;3;68;3;5;57000
Uchtepa;3;68;6;9;44000
Chilonzor;3;110;4;4;78500
Uchtepa;3;65;4;5;53000
Uchtepa;2;33;8;9;23500
Uchtepa;2;40;7;9;22500
Uchtepa;2;56;5;5;34000
Uchtepa;2;42;1;5;31000
Chilonzor;2;52;4;4;39000
Uchtepa;2;52;2;4;41000
Uchtepa;2;47;3;5;36000
Chilonzor;2;40;4;4;35000
Chilonzor;2;65;4;9;57200
Chilonzor;3;69;3;4;44000
Yakkasaroy;2;60;4;5;70000
Chilonzor;3;65;1;4;49500
Chilonzor;1;32;4;4;27500
Chilonzor;3;70;3;5;51500
Chilonzor;2;46;2;4;34500
Chilonzor;3;67;2;4;44000
Yakkasaroy;2;58;5;5;47000
Uchtepa;2;65;3;9;46000
Chilonzor;1;30;2;4;26500
Uchtepa;2;45;4;4;31500
Uchtepa;2;58;3;9;35000
Mirzo Ulugbek;2;62;1;9;57000
Uchtepa;2;58;10;12;36000
Chilonzor;4;74;4;4;53000
Chilonzor;4;98;9;9;53000
Chilonzor;4;90;7;9;95000
Chilonzor;4;73;3;4;66200
Chilonzor;5;206;1;9;190000
Chilonzor;3;58;2;4;40500
Uchtepa;3;66;2;5;67000
Chilonzor;2;63;5;9;40300
Chilonzor;3;65;4;4;41000
Chilonzor;1;42;5;9;35000
Chilonzor;1;20;3;9;14500
Chilonzor;3;70;4;4;46500
Chilonzor;3;70;5;5;40000
Uchtepa;3;63;4;4;40000
Uchtepa;4;120;1;4;93500
Chilonzor;2;64;3;4;56500
Chilonzor;2;43;2;4;39800
Uchtepa;1;33;3;4;23500
Chilonzor;1;28;1;4;25500
Mirzo Ulugbek;1;40;3;3;30000
Chilonzor;4;85;9;9;68000
Chilonzor;3;68;2;4;56000
Yunusobod;2;60;3;9;48000
Chilonzor;2;62;2;4;40000
Chilonzor;2;69;5;9;59000
Uchtepa;3;90;7;9;52500
Uchtepa;3;55;2;4;43500
Chilonzor;3;70;5;5;41000
Chilonzor;1;38;3;4;31500
Chilonzor;3;100;4;12;54000
Uchtepa;3;92;1;4;65000
Mirzo Ulugbek;3;80;4;5;45000
Yashnobod;3;121;2;8;116001
Uchtepa;1;38;4;4;25000
Chilonzor;2;63;7;9;45000
Chilonzor;3;66;4;4;49000
Uchtepa;2;56;4;5;40000
Chilonzor;3;70;1;9;61000
Uchtepa;2;60;5;5;34000
Chilonzor;3;73;8;9;38200
Chilonzor;3;65;2;4;44500
Uchtepa;2;54;5;9;38000
Chilonzor;4;105;3;9;85000
Chilonzor;5;128;1;9;85000
Chilonzor;4;102;4;8;78500
Uchtepa;4;76;5;5;60500
Chilonzor;1;30;4;5;27000
Chilonzor;1;34;1;4;27000
Chilonzor;2;42;2;4;34500
Uchtepa;5;100;4;4;54000
Chilonzor;1;26;2;4;22500
Yashnobod;2;50;1;9;53000
Chilonzor;3;80;7;9;45500
Uchtepa;4;80;5;5;52500
Uchtepa;2;63;1;4;37000
Uchtepa;4;80;4;5;66500
Chilonzor;4;96;7;9;67000
Chilonzor;3;72;5;5;41500
Chilonzor;3;80;2;4;68000
Uchtepa;3;76;4;4;55500
Chilonzor;3;70;5;5;39000
Chilonzor;2;45;2;4;48000
Uchtepa;4;100;3;5;61500
Shayhontohur;1;25;3;5;22000
Chilonzor;2;60;9;9;59000
Uchtepa;3;62;5;5;48000
Chilonzor;3;60;5;5;47000
Chilonzor;3;72;9;9;36000
Uchtepa;4;80;4;5;51500
Chilonzor;3;91;9;9;42200
Chilonzor;2;80;9;9;75000
Yashnobod;2;46;1;5;25000
Yunusobod;2;56;1;4;48000
Chilonzor;2;45;4;4;45000
Chilonzor;4;105;9;9;58000
Chilonzor;3;72;8;9;44000
Uchtepa;3;90;1;12;51000
Chilonzor;2;59;2;9;51000
Chilonzor;2;58;7;9;36000
Chilonzor;3;68;5;5;47000
Uchtepa;3;82;11;12;35000
Uchtepa;2;45;5;5;34000
Uchtepa;3;70;4;12;51000
Chilonzor;3;90;5;9;58400
Yakkasaroy;3;101;1;9;119000
Yashnobod;3;65;5;5;68000
Yakkasaroy;2;40;3;4;40000
Chilonzor;3;68;4;5;50000
Yashnobod;2;42;3;5;37000
Mirobod;3;63;2;4;63000
Chilonzor;2;55;1;4;39800
Uchtepa;2;48;4;5;29500
Uchtepa;5;107;4;4;68000
Chilonzor;5;106;2;5;68000
Chilonzor;3;74;3;5;50000
Chilonzor;2;48;2;5;41500
Chilonzor;4;140;3;9;81500
Chilonzor;4;100;3;12;55000
Uchtepa;3;65;4;4;44000
Uchtepa;2;56;4;5;54000
Uchtepa;2;53;1;4;36000
Yunusobod;4;100;4;4;72500
Uchtepa;3;98;2;4;68000
Chilonzor;3;96;9;9;63000
Chilonzor;4;93;4;4;63500
Chilonzor;2;60;9;9;49500
Chilonzor;5;82;4;4;72000
Uchtepa;5;120;9;9;52000
Uchtepa;4;80;6;9;59500
Chilonzor;1;25;2;4;24000
Uchtepa;3;72;3;9;45000
Uchtepa;4;94;9;9;45000
Uchtepa;3;65;4;9;47500
Yashnobod;1;43;4;9;26900
Uchtepa;4;78;5;5;47300
Yakkasaroy;4;185;4;8;168000
Chilonzor;4;85;3;4;52500
Chilonzor;4;72;4;4;55500
Mirzo Ulugbek;4;130;4;4;95000
Chilonzor;4;76;2;4;68000
Chilonzor;4;80;3;4;54000
Uchtepa;2;48;4;4;31000
Chilonzor;2;66;3;9;47000
Chilonzor;2;46;4;5;37000
Uchtepa;1;42;5;5;26000
Uchtepa;4;110;3;3;91000
Chilonzor;4;110;3;4;105000
Chilonzor;3;70;4;4;39500
Chilonzor;3;68;2;5;53500
Chilonzor;3;60;3;5;47000
Chilonzor;3;58;1;4;39000
Mirzo Ulugbek;4;110;5;9;85000
Yunusobod;4;90;2;4;72000
Yakkasaroy;3;80;6;8;45000
Chilonzor;1;30;2;4;25000
Mirobod;3;72;1;2;40000
Olmzor;3;71;2;9;41000
Yakkasaroy;2;51;4;4;33500
Mirobod;4;90;4;4;90000
Shayhontohur;2;48;8;9;65000
Mirzo Ulugbek;2;63;1;4;43500
Mirzo Ulugbek;2;64;6;7;45000
Yakkasaroy;3;72;3;8;94000
Yakkasaroy;3;80;7;10;110000
Yashnobod;2;52;7;9;44500
Mirzo Ulugbek;2;47;2;2;23000
Mirobod;4;121;6;10;120000
Shayhontohur;3;80;1;3;105000
Mirobod;4;150;3;12;140000
Uchtepa;2;70;4;5;41500
Uchtepa;2;70;4;5;41500
Mirobod;3;80;7;9;60000
Chilonzor;2;37;1;4;41000
Chilonzor;4;95;2;4;83000
Uchtepa;2;56;1;4;40500
Uchtepa;3;68;1;4;40000
Uchtepa;2;45;3;4;35000
Chilonzor;3;68;3;5;48500
Uchtepa;4;80;3;4;52500
Mirobod;4;178;3;7;310000
Mirzo Ulugbek;2;46;4;4;38000
Yunusobod;3;148;2;8;136000
Mirobod;3;115;4;7;157550
Olmzor;3;72;5;9;46000
Mirobod;2;94;4;7;128780
Yunusobod;3;58;1;4;36000
Yunusobod;4;90;2;4;53000
Yunusobod;4;176;6;8;167200
Mirzo Ulugbek;2;115;4;5;93000
Yashnobod;4;92;4;4;54000
Yashnobod;2;46;1;3;29500
Yunusobod;3;131;3;8;128000
Uchtepa;2;53;4;5;39500
Yunusobod;3;65;3;4;76000
Mirzo Ulugbek;1;38;4;4;21000
Mirzo Ulugbek;3;79;4;5;53000
Mirzo Ulugbek;2;46;4;4;30500
Yashnobod;5;133;4;9;79000
Sergeli;3;80;3;7;50000
Yashnobod;2;62;8;9;29900
Chilonzor;1;32;4;4;27500
Mirzo Ulugbek;2;42;3;4;32000
Yashnobod;1;30;3;5;21000
Sergeli;2;52;1;7;35000
Mirzo Ulugbek;3;62;5;5;35000
Mirzo Ulugbek;2;51;4;4;30000
Yunusobod;2;72;9;9;42108
Mirzo Ulugbek;2;50;1;5;31000
Mirzo Ulugbek;2;60;3;5;30500
Mirzo Ulugbek;2;48;4;4;28000
Mirzo Ulugbek;2;42;2;5;33500
Yakkasaroy;4;100;1;9;90000
Yashnobod;2;48;3;5;34000
Mirobod;3;88;5;5;49000
Mirobod;4;120;1;4;135000
Chilonzor;2;50;1;4;35500
Mirzo Ulugbek;2;55;2;4;35000
Mirzo Ulugbek;5;100;4;4;48000
Chilonzor;1;33;4;4;25000
Yakkasaroy;2;78;1;4;85000
Yunusobod;1;42;1;5;28500
Mirzo Ulugbek;2;50;4;4;26500
Shayhontohur;3;68,37;2;9;56000
Mirzo Ulugbek;4;92;3;5;61000
Chilonzor;2;63;1;5;45000
Chilonzor;2;58;1;9;35000
Shayhontohur;1;70;6;7;60000
Uchtepa;2;56;6;9;34500
Yunusobod;1;50;7;9;37500
Mirobod;1;43;4;8;52000
Mirobod;2;53;9;10;48000
Yunusobod;3;72;4;9;78000
Yakkasaroy;3;105;5;9;135000
Sergeli;2;42;5;7;35000
Yakkasaroy;2;49;4;5;36000
Shayhontohur;7;320;7;7;130000
Yashnobod;3;61,91;8;9;50027
Yashnobod;2;53,1;3;6;34326
Mirzo Ulugbek;2;39,9;4;9;21823
Mirzo Ulugbek;2;50,3;5;9;27511
Mirzo Ulugbek;2;41,4;5;9;22379
Yashnobod;2;52,5;3;9;42423
Yashnobod;4;104,1;5;9;84119
Yashnobod;2;76;2;9;61413
Mirzo Ulugbek;1;26,4;5;9;14439
Shayhontohur;2;50;8;12;31000
Sergeli;2;54;6;7;34075
Yunusobod;3;78;4;5;43000
Chilonzor;2;46;3;4;40000
Chilonzor;2;54;2;4;39500
Chilonzor;1;33;2;4;34000
Chilonzor;3;62;2;4;52500
Chilonzor;3;78;9;9;53500
Chilonzor;2;55;4;4;36500
Uchtepa;3;72;5;5;42400
Uchtepa;4;80;1;4;55000
Uchtepa;4;100;1;4;87000
Chilonzor;3;110;2;4;115000
Yakkasaroy;1;43;5;16;36000
Chilonzor;2;50;4;4;32000
Chilonzor;4;94;9;9;60132
Chilonzor;2;49;4;4;35000
Olmzor;3;91;3;3;85000
Chilonzor;3;72;4;9;43000
Chilonzor;1;30;4;4;26500
Uchtepa;1;36;3;4;25500
Chilonzor;4;110;3;9;84000
Uchtepa;2;90;2;5;65000
Shayhontohur;3;72;2;5;40000
Yashnobod;2;70;5;9;50000
Uchtepa;2;48;5;5;31000
Uchtepa;4;86;2;5;66000
Uchtepa;3;72;1;9;48000
Uchtepa;4;90;3;5;48000
Uchtepa;3;84;6;9;53500
Chilonzor;2;58;8;9;33500
Chilonzor;2;54;2;5;43000
Chilonzor;2;65;5;12;42500
Chilonzor;2;63;5;9;66000
Uchtepa;1;32;4;4;23000
Chilonzor;1;39;4;4;26000
Yakkasaroy;2;51;1;5;60000
Yakkasaroy;6;145;1;9;142000
Shayhontohur;3;80;6;9;48000
Shayhontohur;3;95;6;9;78000
Shayhontohur;2;48;8;9;69000
Chilonzor;3;75;2;9;66000
Uchtepa;4;85;5;5;45000
Uchtepa;2;52;5;5;35000
Uchtepa;2;62;1;5;53000
Uchtepa;4;100;9;9;52000
Yashnobod;2;50;2;4;28500
Chilonzor;2;43;3;9;22000
Mirobod;2;70;4;9;55000
Mirobod;3;70;2;4;65000
Chilonzor;8;240;8;9;96000
Chilonzor;8;240;9;10;96000
Mirobod;3;110;5;9;105000
Mirobod;3;114;1;8;77995
Mirobod;2;70;8;9;52000
Mirobod;4;97;3;5;53972
Shayhontohur;4;165;4;7;140000
Yashnobod;2;70;5;5;47000
Yashnobod;2;50;4;4;42000
Mirzo Ulugbek;2;46;4;4;30500
Sergeli;1;24;2;2;15500
Mirzo Ulugbek;1;33;2;4;24000
Mirzo Ulugbek;2;58;4;5;31500
Yunusobod;5;135;1;9;85000
Olmzor;1;40,52;4;4;23000
Shayhontohur;5;185;2;5;135000
Mirobod;2;48;1;4;32000
Mirzo Ulugbek;2;65;1;9;38000
Shayhontohur;3;102;2;7;75000
Shayhontohur;4;123;5;7;89000
Yashnobod;5;140;3;8;98000
Shayhontohur;3;96;7;7;68000
Yashnobod;2;60;2;6;27000
Shayhontohur;4;140;4;7;120000
Mirobod;3;120;5;10;175000
Chilonzor;4;100;1;12;45000
Yunusobod;3;70;2;4;70000
Mirobod;3;75;4;4;70000
Mirobod;1;55;2;9;62000
Yashnobod;5;135;3;9;88000
Mirobod;3;73;2;9;79000
Yunusobod;4;175;9;11;280000
Yunusobod;4;172;7;8;150000
Mirzo Ulugbek;7;192;8;9;155000
Mirzo Ulugbek;2;58;4;4;52000
Shayhontohur;2;75;2;3;87000
Mirzo Ulugbek;5;160;3;5;175000
Mirzo Ulugbek;4;115;5;5;93000
Yunusobod;5;130;8;9;120000
Yakkasaroy;5;115;8;9;65000
Mirobod;3;100;3;5;105000
Mirobod;5;115;6;9;98000
Mirobod;4;110;8;9;93000
Mirobod;4;120;10;16;125000
Mirobod;4;180;3;9;225000
Mirobod;2;88;5;12;95000
Shayhontohur;5;210;2;4;140000
Mirobod;5;225;8;9;130000
Mirzo Ulugbek;3;83;2;6;41500
Bektemir;3;75;4;4;34000
Yashnobod;2;60;1;9;32500
Yunusobod;2;65;6;9;50996
Yakkasaroy;3;54;3;5;63000
Mirzo Ulugbek;3;112;1;5;68000
Mirzo Ulugbek;4;95;3;5;64000
Mirzo Ulugbek;2;65;4;9;35999
Yashnobod;2;52;4;4;26500
Mirzo Ulugbek;1;49,5;7;7;24749
Mirobod;3;115;5;5;65000
Sergeli;6;130;5;9;75000
Mirobod;2;65;4;9;80000
Mirzo Ulugbek;1;48;7;7;24000
Mirzo Ulugbek;1;31,3;7;7;16000
Mirzo Ulugbek;1;46,3;7;7;23000
Sergeli;3;57;3;7;43000
Chilonzor;3;72;1;9;68000
Mirzo Ulugbek;2;60,5;7;7;30000
Yunusobod;1;24;7;10;13680
Yunusobod;2;34;7;10;19380
Chilonzor;3;65;1;4;57000
Sergeli;5;188;3;4;70000
Sergeli;1;37,6;1;6;28000
Mirzo Ulugbek;3;75;1;5;60000
Yashnobod;1;36;1;9;21989
Shayhontohur;3;94;19;20;182000
Mirobod;4;180;4;7;225000
Mirzo Ulugbek;1;26;4;4;18500
Mirzo Ulugbek;4;90;4;4;57000
Yashnobod;3;119;1;5;95000
Yakkasaroy;2;42;4;4;35000
Yashnobod;1;42;4;9;37000
Olmzor;2;58;2;4;39500
Yunusobod;3;70;1;5;20000
Chilonzor;4;100;6;9;70000
Chilonzor;2;50;4;4;31000
Yunusobod;2;50;1;4;33000
Yakkasaroy;4;86;2;4;68000
Yashnobod;3;66;3;4;39500
Mirobod;2;280;9;9;48000
Mirobod;2;64,75;9;9;48000
Olmzor;3;72;7;9;35500
Mirzo Ulugbek;4;94;7;9;125000
Olmzor;3;59;6;9;33500
Shayhontohur;2;48;4;4;40000
Mirzo Ulugbek;2;48;1;4;32000
Sergeli;4;99,5;8;9;50000
Yunusobod;4;90;4;5;57000
Mirobod;4;100;3;4;128000
Uchtepa;3;72;7;9;52000
Mirobod;4;82;4;4;63000
Uchtepa;3;96;3;4;62000
Uchtepa;2;52;4;4;35000
Uchtepa;4;76;2;4;51500
Mirobod;3;80;4;4;75000
Chilonzor;2;47;3;4;41000
Chilonzor;1;30;3;4;24000
Chilonzor;3;70;1;5;47000
Yunusobod;3;78;1;5;55000
Mirzo Ulugbek;4;95;4;4;95000
Mirobod;4;96;12;16;85000
Yashnobod;2;58;5;5;29500
Sergeli;4;105;7;9;42000
Chilonzor;1;42;4;4;25000
Yunusobod;5;180;5;8;280000
Chilonzor;2;50;3;5;34000
Chilonzor;2;50;1;5;35500
Chilonzor;1;42;3;9;26500
Chilonzor;1;38;3;4;24500
Yunusobod;1;45;5;5;24000
Yashnobod;2;54;4;4;31500
Yangihayot;4;96;9;9;34500
Chilonzor;4;92;2;4;115000
Chilonzor;3;65;3;4;47500
Mirobod;3;90;7;9;82000
Yunusobod;5;107;8;9;58000
Yashnobod;2;54,15;2;9;34000
Yashnobod;3;93;2;9;82000
Mirzo Ulugbek;2;65;5;9;41000
Mirzo Ulugbek;2;48;1;4;34500
Yakkasaroy;1;43;5;16;37000
Olmzor;4;130;4;4;88000
Mirzo Ulugbek;2;50;1;4;38000
Chilonzor;1;32;3;4;30500
Shayhontohur;3;80;3;4;60000
Chilonzor;3;60,89;7;9;41000
Yunusobod;2;60;2;4;58499
Mirobod;3;84;3;4;90000
Yunusobod;3;70;4;4;63000
Yakkasaroy;4;110;1;4;154998
Yunusobod;4;96;4;4;60000
Yunusobod;2;60;2;4;75000
Yunusobod;1;42;1;4;47000
Yashnobod;1;50;2;9;45000
Yunusobod;1;42;4;4;43000
Yunusobod;2;55;1;4;43000
Yakkasaroy;2;53;2;3;45000
Yunusobod;2;65;6;9;60000
Yunusobod;3;72;1;4;50000
Yunusobod;3;70;2;4;60000
Yunusobod;4;96;4;4;80000
Yunusobod;3;70;2;4;60000
Yunusobod;4;96;4;4;80000
Yunusobod;3;63;2;5;73000
Mirzo Ulugbek;3;74;7;9;62000
Shayhontohur;3;70;2;4;55000
Yunusobod;5;110;8;9;61998
Mirobod;2;65;3;9;54998
Yunusobod;5;110;7;9;72999
Shayhontohur;2;58;2;4;47500
Shayhontohur;2;72;4;4;42000
Yakkasaroy;3;75;3;4;75000
Mirobod;1;34;2;5;36500
Mirobod;3;80;3;4;90000
Mirobod;2;65;4;4;60000
Chilonzor;3;73;4;9;53000
Yunusobod;3;115;5;9;105000
Shayhontohur;3;73;5;9;51000
Shayhontohur;3;94;4;4;72500
Shayhontohur;3;73;6;9;60000
Olmzor;3;73;6;9;53000
Yakkasaroy;4;160;5;8;160000
Shayhontohur;3;65;8;9;55000
Sergeli;5;115;1;4;82000
Shayhontohur;3;100;4;4;85000
Shayhontohur;4;78;8;9;50000
Olmzor;1;38;4;4;18000
Mirobod;4;100;3;4;88000
Mirobod;3;100;5;9;115000
Yakkasaroy;4;160;2;7;195000
Mirobod;2;38;8;8;60000
Mirzo Ulugbek;3;70;4;5;47000
Mirzo Ulugbek;3;72;6;9;56000
Mirzo Ulugbek;4;130;2;4;130000
Yakkasaroy;1;30;3;4;26500
Yakkasaroy;3;105;4;10;145000
Yashnobod;4;144;8;8;185000
Yashnobod;2;57;6;9;37000
Yakkasaroy;3;100;5;12;85000
Yunusobod;4;92;5;5;40500
Chilonzor;3;68;2;5;44000
Olmzor;2;56;1;5;32500
Chilonzor;3;82;3;4;70000
Yunusobod;2;63;9;9;43000
Mirobod;2;65;8;8;90000
Yashnobod;2;51;4;4;26500
Sergeli;2;45;4;7;30000
Olmzor;4;130;1;7;129999
Sergeli;3;58;1;7;44000
Yashnobod;3;70;3;5;43000
Yunusobod;4;93;3;4;55000
Olmzor;3;91;3;3;85000
Olmzor;3;76;5;5;39500
Yunusobod;2;54;3;4;40000
Mirobod;3;68;3;4;34000
Yunusobod;3;75;1;4;80000
Mirzo Ulugbek;3;75;3;4;90000
Chilonzor;3;70;4;4;37500
Chilonzor;2;50;2;5;37500
Chilonzor;2;50;2;4;34500
Chilonzor;2;50;4;4;34000
Chilonzor;2;50;4;4;30500
Chilonzor;2;50;2;5;36500
Chilonzor;1;40;2;4;29500
Chilonzor;1;32;4;5;24500
Chilonzor;1;32;2;4;28500
Chilonzor;1;32;3;5;24500
Chilonzor;1;33;4;4;26000
Uchtepa;1;39,38;5;5;27950
Chilonzor;3;80;2;9;59000
Mirzo Ulugbek;3;73;1;4;35192
Uchtepa;1;30;1;4;29400
Yunusobod;3;70;2;4;48000
Yunusobod;2;55;2;5;33500
Mirzo Ulugbek;2;54;5;5;50000
Olmzor;4;100;2;9;53000
Chilonzor;2;44;3;4;33000
Mirzo Ulugbek;5;110;2;4;85000
Chilonzor;2;50;2;4;30500
Olmzor;2;60;2;9;36000
Olmzor;1;40;2;9;26000
Mirzo Ulugbek;3;80;2;4;140000
Mirobod;5;115;4;9;98000
Shayhontohur;2;92;2;9;50000
Shayhontohur;6;341;2;3;250000
Yunusobod;4;115;7;9;68000
Yashnobod;3;78;2;9;75000
Chilonzor;4;91;9;9;72000
Olmzor;3;70;4;4;37000
Chilonzor;3;67;2;4;52500
Uchtepa;1;30;1;4;29500
Chilonzor;2;50;2;4;37500
Sergeli;2;52;1;4;43000
Shayhontohur;5;100;7;9;48000
Yashnobod;2;61;8;9;34000
Shayhontohur;3;77;5;5;45000
Chilonzor;1;30;2;4;27000
Chilonzor;1;30;4;4;25500
Chilonzor;1;30;1;4;25200
Chilonzor;1;30;3;4;22700
Mirobod;3;71;2;9;47000
Shayhontohur;2;55;4;4;40000
Shayhontohur;3;68,41;4;9;56000
Mirobod;2;65;8;8;90000
Yakkasaroy;1;48;6;8;57000
Mirzo Ulugbek;1;20;1;4;17500
Mirobod;3;75;6;9;85000
Mirobod;2;68;3;9;33000
Chilonzor;2;44;5;5;35000
Mirobod;4;93,6;4;4;92500
Mirobod;4;121;5;9;115000
Yunusobod;2;60;7;9;63000
Chilonzor;5;109;3;5;80000
Uchtepa;3;80;4;4;51000
Uchtepa;3;92;4;4;44000
Uchtepa;3;67;3;4;42000
Uchtepa;3;68;2;5;46000
Yakkasaroy;1;43;12;16;33500
Yakkasaroy;2;52;5;5;36200
Yakkasaroy;2;63;1;9;43000
Uchtepa;2;54;3;4;31000
Uchtepa;4;96;4;4;73000
Uchtepa;4;80;5;5;47000
Uchtepa;4;76;1;5;120000
Uchtepa;3;70;4;5;47000
Mirobod;3;135;3;8;88000
Uchtepa;2;54;1;5;52000
Uchtepa;5;120;3;5;120000
Uchtepa;4;86;6;9;68500
Uchtepa;4;78;1;4;56000
Uchtepa;3;72;7;9;58000
Chilonzor;2;47;2;4;32000
Uchtepa;3;98;3;4;66000
Chilonzor;2;58;3;9;40500
Chilonzor;2;60;3;5;33500
Chilonzor;2;60;3;5;35500
Chilonzor;2;50;4;5;33500
Chilonzor;2;50;2;5;34000
Chilonzor;1;36;2;4;26500
Chilonzor;1;36;1;4;26500
Chilonzor;1;32;3;5;25500
Uchtepa;3;65;4;4;43000
Chilonzor;3;70;5;5;40000
Uchtepa;2;46;1;4;38500
Uchtepa;2;50;4;4;32000
Chilonzor;2;50;1;4;43500
Mirobod;2;65;8;9;52000
Chilonzor;2;70;2;4;68000
Chilonzor;2;46;4;4;35000
Chilonzor;1;34;2;4;30500
Uchtepa;2;56;3;4;37000
Uchtepa;2;46;1;5;28500
Shayhontohur;2;46;9;9;37000
Chilonzor;3;71;2;4;43000
Mirzo Ulugbek;2;54;5;5;50000
Mirobod;3;135;3;9;88000
Chilonzor;2;47;4;4;35000
Mirobod;4;100;8;9;95000
Chilonzor;5;104;2;5;63000
Chilonzor;1;42;2;5;31000
Chilonzor;2;62;8;9;37000
Mirobod;3;65;4;4;35000
Chilonzor;2;50;4;4;33000
Mirobod;4;116;9;9;75000
Yakkasaroy;4;92;6;9;120000
Chilonzor;3;100;2;9;73000
Yakkasaroy;2;58;5;5;46000
Chilonzor;3;65;4;4;53000
Chilonzor;3;56;1;4;41000
Chilonzor;1;34;2;4;29000
Chilonzor;2;49;1;4;37000
Chilonzor;2;52;2;4;36500
Chilonzor;2;50;1;4;34000
Chilonzor;2;59;5;9;36000
Chilonzor;3;64;6;9;25000
Chilonzor;3;67;1;4;48000
Chilonzor;4;80;3;5;74000
Chilonzor;4;116;4;4;120000
Chilonzor;3;110;4;9;70000
Mirzo Ulugbek;1;27;5;5;23000
Mirobod;3;90;1;9;85000
Chilonzor;2;50;2;4;30500
Yunusobod;3;80;7;9;49500
Mirzo Ulugbek;2;60;1;4;39000
Yunusobod;3;71;5;9;68000
Uchtepa;2;49;4;9;37000
Mirzo Ulugbek;3;80;4;5;45000
Uchtepa;3;67;4;4;34900
Mirzo Ulugbek;4;95;5;5;46000
Mirzo Ulugbek;3;66;3;4;56000
Chilonzor;1;30;4;4;27000
Uchtepa;1;33;2;5;23000
Chilonzor;2;55;1;4;47300
Chilonzor;2;46;3;4;34000
Chilonzor;2;48;1;4;40000
Mirzo Ulugbek;4;87;8;9;40500
Chilonzor;2;54;1;4;43000
Uchtepa;3;65;4;4;42800
Shayhontohur;3;72;2;9;58500
Chilonzor;5;110;1;5;160000
Uchtepa;2;42;3;5;32500
Chilonzor;3;68;4;4;48500
Chilonzor;3;68;1;4;58500
Mirzo Ulugbek;3;75;7;9;39500
Uchtepa;1;38;5;5;23000
Uchtepa;3;66;3;5;53000
Uchtepa;3;72;5;5;43000
Uchtepa;3;60;5;5;33500
Yakkasaroy;2;62;3;5;39000
Mirzo Ulugbek;3;70;3;4;47000
Uchtepa;4;84;5;5;48000
Uchtepa;2;52;3;5;35000
Chilonzor;1;30;2;4;25500
Chilonzor;4;78;4;4;55500
Chilonzor;5;150;4;4;100000
Uchtepa;4;76;2;5;69000
Uchtepa;4;74;1;5;52500
Chilonzor;2;44;3;3;31000
Uchtepa;3;70;5;5;44000
Uchtepa;2;58;5;5;33000
Uchtepa;4;80;4;5;53000
Uchtepa;4;76;3;5;69000
Yashnobod;4;90;3;4;60000
Uchtepa;4;80;4;5;47500
Chilonzor;2;42;2;5;40000
Chilonzor;4;112;3;4;118000
Yashnobod;3;70;2;4;36500
Yunusobod;5;135;2;9;82000
Chilonzor;2;52;5;5;36000
Chilonzor;4;80;4;5;65000
Shayhontohur;4;90;3;4;53000
Mirzo Ulugbek;2;60;5;5;37500
Yunusobod;2;52;4;5;37000
Mirzo Ulugbek;4;110;1;9;52000
Yakkasaroy;4;96;2;9;67000
Yashnobod;2;50;2;4;31000
Mirzo Ulugbek;4;92;4;4;52000
Shayhontohur;3;105;4;7;128000
Chilonzor;3;68;4;4;35000
Chilonzor;3;75;5;9;50000
Yunusobod;3;67;5;5;40000
Mirzo Ulugbek;3;118;3;5;95000
Mirobod;3;85;5;9;74000
Yunusobod;2;55;3;4;48000
Mirobod;2;70;4;7;69000
Shayhontohur;3;80;4;7;57500
Mirzo Ulugbek;3;105;4;4;87000
Olmzor;1;43;3;9;25000
Yakkasaroy;5;211;8;9;190000
Chilonzor;2;65;1;5;41000
Chilonzor;2;50;2;5;36500
Chilonzor;2;50;4;4;33500
Chilonzor;2;45;2;5;37000
Chilonzor;2;50;3;4;30500
Chilonzor;1;42;6;9;26500
Chilonzor;1;40;1;4;25500
Chilonzor;1;42;4;4;25000
Mirzo Ulugbek;3;80;3;4;103000
Mirzo Ulugbek;2;65;4;12;52500
Shayhontohur;3;72;6;9;57000
Yashnobod;3;70;4;4;37500
Yashnobod;1;18;1;4;10500
Mirobod;5;117;1;9;136000
Uchtepa;1;41;3;5;26000
Yunusobod;4;110;7;9;69000
Chilonzor;2;52;3;4;32300
Chilonzor;3;66;5;5;40000
Mirobod;4;110;9;9;70500
Shayhontohur;3;95;2;9;50000
Mirzo Ulugbek;5;191;8;9;150000
Yashnobod;1;26;1;4;19000
Olmzor;4;74,07;4;4;44000
Sergeli;1;24;2;2;15500
Yunusobod;1;45;4;4;27000
Uchtepa;3;105;5;6;85000
Uchtepa;3;70;2;4;47000
Chilonzor;1;50;3;4;33000
Uchtepa;3;80;11;12;44000
Uchtepa;2;48;6;9;42000
Uchtepa;3;58;4;5;43000
Shayhontohur;2;60;1;4;45000
Mirzo Ulugbek;1;38;4;4;21000
Shayhontohur;3;63;1;2;65000
Yakkasaroy;2;49;4;5;36000
Olmzor;5;100;3;4;57000
Yunusobod;3;110;2;8;165000
Yakkasaroy;1;22;2;9;27000
Mirzo Ulugbek;3;120;3;5;125000
Mirobod;3;157;8;9;105000
Yakkasaroy;1;47;7;16;34000
Chilonzor;2;48;4;4;42000
Yashnobod;4;97;6;9;95000
Yashnobod;4;92;4;9;53000
Chilonzor;3;60;2;4;45000
Chilonzor;1;34;1;5;29000
Yakkasaroy;5;116;3;9;87000
Uchtepa;2;48;3;4;41000
Uchtepa;2;50;2;4;35000
Yashnobod;2;48;3;4;28000
Chilonzor;2;46;4;4;47000
Yunusobod;3;70;2;4;51000
Uchtepa;3;70;3;9;42500
Mirzo Ulugbek;3;85;8;9;58000
Yakkasaroy;3;82;4;4;75000
Uchtepa;2;56;2;4;37000
Shayhontohur;4;85;3;4;53000
Mirobod;2;59;4;4;24000
Olmzor;2;58;5;9;28000
Chilonzor;2;48;2;4;37000
Sergeli;2;43;4;7;34000
Mirzo Ulugbek;3;70;3;4;38500
Yunusobod;4;130;4;9;95000
Shayhontohur;4;88;2;9;78000
Shayhontohur;2;68;6;9;68000
Mirzo Ulugbek;2;48;4;4;27394
Yakkasaroy;3;96;1;7;96000
Mirzo Ulugbek;2;48;4;4;26829
Sergeli;3;55;6;7;40500
Yashnobod;1;48;6;6;18385
Mirzo Ulugbek;2;60;5;5;36000
Mirzo Ulugbek;3;61;1;4;120000
Chilonzor;1;30;1;4;26500
Chilonzor;3;64;3;3;39500
Chilonzor;1;30;3;4;26000
Uchtepa;4;80;2;4;60000
Chilonzor;3;68;5;5;43000
Chilonzor;3;68;4;4;40000
Uchtepa;3;76;3;9;63000
Olmzor;3;67;1;4;51000
Uchtepa;3;65;2;4;43000
Uchtepa;2;56;6;9;39500
Uchtepa;2;60;1;9;46000
Uchtepa;2;63;3;4;41000
Chilonzor;3;68;4;4;35500
Chilonzor;1;26;4;5;26100
Chilonzor;2;50;2;4;34500
Chilonzor;2;50;3;5;35500
Chilonzor;1;42;4;5;27000
Chilonzor;1;36;2;5;25500
Chilonzor;1;40;4;4;24500
Uchtepa;2;58;4;5;33000
Chilonzor;2;63;4;4;48500
Chilonzor;3;75;3;4;51000
Mirobod;4;97;12;16;82500
Chilonzor;2;62;2;4;42000
Chilonzor;3;90;3;4;122000
Chilonzor;3;70;7;9;39500
Chilonzor;2;42;4;4;31500
Chilonzor;2;75;6;9;75000
Uchtepa;3;70;4;9;68000
Shayhontohur;4;85;2;5;61001
Chilonzor;3;93;4;4;73500
Chilonzor;5;124;7;8;90000
Chilonzor;3;98;9;9;45000
Shayhontohur;3;72;8;9;69000
Chilonzor;3;70;4;4;47000
Uchtepa;2;40;2;4;36000
Shayhontohur;1;38;2;5;28500
Shayhontohur;1;30;3;4;23000
Chilonzor;4;80;5;5;43000
Shayhontohur;5;163;3;4;95000
Chilonzor;3;68;2;2;37000
Chilonzor;4;100;2;9;105000
Chilonzor;3;70;2;4;38000
Chilonzor;2;60;3;4;42000
Shayhontohur;3;75;2;4;49000
Chilonzor;2;47;4;4;30500
Shayhontohur;3;78;3;5;65000
Chilonzor;1;35;3;4;24500
Mirobod;3;120;5;10;175000
Chilonzor;3;72;8;9;66000
Yunusobod;2;61;2;5;42000
Chilonzor;5;120;1;9;76000
Uchtepa;4;94;3;9;65000
Chilonzor;2;63;7;9;48000
Mirzo Ulugbek;3;86;5;5;42000
Uchtepa;3;70;4;4;44000
Uchtepa;3;70;3;4;47500
Uchtepa;3;72;8;9;43000
Uchtepa;3;70;2;4;52500
Uchtepa;2;44;4;4;33000
Uchtepa;4;80;1;5;70000
Uchtepa;4;80;5;5;50000
Uchtepa;4;110;2;5;63000
Shayhontohur;3;90;9;12;51000
Uchtepa;4;100;1;4;60000
Uchtepa;3;70;2;4;85000
Uchtepa;3;82;1;12;82000
Uchtepa;1;44;2;4;29000
Uchtepa;3;82;7;12;46500
Chilonzor;3;65;9;9;37500
Mirzo Ulugbek;3;100;6;6;84000
Yunusobod;2;60;4;4;40000
Uchtepa;3;60;5;5;36000
Shayhontohur;4;140;1;8;170000
Uchtepa;2;54;2;9;35000
Uchtepa;2;50;1;4;34000
Sergeli;3;78;6;9;41000
Yakkasaroy;4;100;9;9;50000
Uchtepa;2;45;4;4;31000
Shayhontohur;3;69;4;9;60000
Mirzo Ulugbek;2;65;1;9;50000
Uchtepa;1;39;2;4;32000
Mirobod;4;160;4;9;196000
Yakkasaroy;3;78;6;8;115000
Mirzo Ulugbek;2;62;6;9;52000
Chilonzor;2;50;3;4;37000
Uchtepa;4;80;2;5;57000
Uchtepa;3;72;6;9;42000
Uchtepa;2;69;5;5;39000
Uchtepa;4;84;5;5;50000
Uchtepa;4;98;2;5;85000
Chilonzor;4;98;4;4;52000
Chilonzor;4;150;6;9;125000
Uchtepa;3;82;5;9;40000
Chilonzor;3;100;4;4;85000
Uchtepa;4;74;4;4;53000
Uchtepa;4;73;3;4;66200
Shayhontohur;4;90;7;9;95000
Uchtepa;5;128;1;9;85000
Uchtepa;5;106;2;5;68000
Yunusobod;2;50;3;4;42000
Yunusobod;1;40;4;5;31200
Uchtepa;2;51;1;5;24200
Uchtepa;2;51;2;4;25200
Yunusobod;2;50;4;5;40200
Uchtepa;3;67;4;4;34200
Chilonzor;1;30;3;4;21200
Yakkasaroy;4;95;12;16;47500
Yakkasaroy;2;55;7;12;37000
Mirobod;3;85;3;9;82000
Yakkasaroy;2;51;3;4;34200
Chilonzor;1;30;2;4;21000
Yakkasaroy;2;55;3;4;33200
Chilonzor;3;67;2;4;33200
Chilonzor;3;67;3;4;33200
Chilonzor;3;65;3;5;35200
Chilonzor;1;30;3;4;20200
Chilonzor;2;51;1;4;25200
Chilonzor;3;67;4;5;34200
Uchtepa;2;51;3;5;25200
Chilonzor;2;51;2;4;26200
Chilonzor;1;32;3;4;22300
Chilonzor;1;30;2;5;20200
Chilonzor;1;30;3;5;21200
Chilonzor;2;51;3;4;24200
Chilonzor;2;51;2;5;24200
Uchtepa;2;51;2;4;24200
Chilonzor;1;30;3;4;20200
Uchtepa;3;65;1;5;34200
Chilonzor;3;67;3;4;30200
Chilonzor;2;51;3;5;24200
Uchtepa;3;67;4;5;33200
Chilonzor;1;30;2;4;21200
Uchtepa;3;67;3;4;30200
Yunusobod;1;45;3;4;38000
Chilonzor;3;65;2;4;41999
Uchtepa;3;68;2;4;40000
Mirobod;3;70;2;4;60000
Shayhontohur;3;75;9;9;39000
Mirzo Ulugbek;3;70;4;5;38000
Mirobod;2;68;5;9;43000
Mirobod;3;70;2;4;60000
Yunusobod;4;95;2;4;70000
Yunusobod;2;55;1;4;45999
Yakkasaroy;2;56;3;5;45000
Yakkasaroy;2;56;7;12;36500
Yakkasaroy;3;75;3;4;68000
Yashnobod;3;70;2;4;35500
Mirobod;3;75;6;9;59000
Yashnobod;3;70;2;4;36000
Yakkasaroy;2;56;9;12;35000
Mirobod;3;130;9;12;80000
Chilonzor;1;36;4;4;25000
Mirzo Ulugbek;3;75;8;8;43000
Mirobod;3;130;10;12;85000
Mirzo Ulugbek;2;60;3;4;52000
Yunusobod;2;60;8;13;42000
Yashnobod;3;70;2;4;36000
Yakkasaroy;3;70;3;5;68000
Uchtepa;3;68;2;4;39999
Yakkasaroy;2;60;1;4;45000
Mirzo Ulugbek;3;70;4;5;36000
Yakkasaroy;1;35;3;8;30000
Mirobod;2;90;7;9;90000
Yakkasaroy;3;65;4;4;48000
Yunusobod;2;45;3;4;38000
Yunusobod;3;75;4;9;80000
Yunusobod;3;70;1;9;68000
Mirobod;3;85;3;9;82000
Mirobod;3;105;1;4;170000
Yakkasaroy;4;95;12;16;47500
Yakkasaroy;2;55;7;12;37000
Yakkasaroy;3;80;4;4;75000
Mirzo Ulugbek;3;82;8;9;58000
Shayhontohur;3;92;2;9;50000
Mirobod;3;70;2;4;60000
Uchtepa;3;86;9;9;51600
Yunusobod;3;60;1;9;69000
Uchtepa;1;40;2;4;24000
Uchtepa;2;51;3;4;25200
Olmzor;4;84;4;5;47000
Olmzor;4;96;9;12;63000
Chilonzor;1;38;1;4;22700
Yunusobod;2;57;4;4;34500
Olmzor;3;100;3;9;55000
Yashnobod;2;36;5;5;30000
Chilonzor;2;47;4;6;31500
Olmzor;1;38;6;9;27500
Mirzo Ulugbek;1;33;3;4;21800
Sergeli;4;100;4;9;45500
Chilonzor;1;32;3;4;28500
Mirzo Ulugbek;3;90;2;9;51000
Chilonzor;1;30;2;4;20200
Yunusobod;2;58;2;4;41000
Yashnobod;2;46;1;4;31500
Yunusobod;4;98;3;9;78000
Olmzor;3;83,83;3;9;50000
Shayhontohur;1;36;2;4;22300
Yunusobod;4;95;3;9;62000
Mirzo Ulugbek;3;80;4;5;41000
Yashnobod;2;49;1;4;34000
Sergeli;3;85;2;9;65000
Mirobod;1;52;7;9;48000
Mirzo Ulugbek;2;47;4;4;29000
Mirobod;3;90;3;5;100000
Mirobod;3;90;3;5;100000
Yunusobod;2;58;4;4;36000
Shayhontohur;4;100,26;9;9;65000
Yunusobod;2;60;3;5;36000
Yunusobod;4;90;5;5;65000
Sergeli;3;82;2;9;39000
Yakkasaroy;4;105;6;9;70000
Sergeli;3;82;2;9;39000
Yunusobod;2;60;4;5;32000
Yunusobod;2;59;2;4;38000
Olmzor;5;110;4;5;50000
Yunusobod;3;60;2;4;45000
Yangihayot;3;50;1;7;47000
Mirobod;1;55;8;9;53000
Yunusobod;2;54;9;9;42000
Mirzo Ulugbek;2;70;5;9;66000
Mirzo Ulugbek;2;70;1;5;43000
Yashnobod;5;92;7;9;62000
Yunusobod;2;54;1;4;34000
Chilonzor;3;90;3;4;48500
Yunusobod;3;70;4;4;46000
Yakkasaroy;2;48;1;4;38000
Yakkasaroy;2;70;4;8;80000
Yunusobod;2;60;1;4;40000
Yunusobod;1;45;2;4;49000
Mirzo Ulugbek;3;65;4;4;55000
Mirobod;1;38;3;4;23000
Yashnobod;2;60;9;9;36000
Mirzo Ulugbek;3;88;2;4;132000
Mirzo Ulugbek;3;88;2;4;132000
Yunusobod;3;76;2;4;65000
Yunusobod;4;102;3;9;96500
Yashnobod;1;24;1;4;19000
Yashnobod;1;24;1;4;19000
Yashnobod;4;90;4;4;52000
Yashnobod;4;90;4;4;52000
Mirzo Ulugbek;2;45;3;5;36000
Yakkasaroy;2;75;15;16;35997
Yunusobod;1;42;4;4;25500
Yunusobod;4;95;9;9;38500
Mirzo Ulugbek;2;50;2;4;32000
Chilonzor;2;48;1;4;32000
Chilonzor;2;56;2;9;35000
Mirobod;3;68;4;4;70000
Chilonzor;2;45;4;4;35500
Mirzo Ulugbek;2;55;2;4;36000
Chilonzor;2;54;2;4;39000
Chilonzor;2;50;1;4;41000
Uchtepa;2;50;1;4;41500
Shayhontohur;2;43;3;4;37000
Mirzo Ulugbek;4;90;1;4;110000
Mirobod;2;54;3;4;28000
Mirzo Ulugbek;1;33;2;4;26500
Yakkasaroy;2;50;3;5;43000
Yakkasaroy;2;40;8;9;43000
Mirobod;2;59;4;8;44000
Mirzo Ulugbek;1;40;4;4;25000
Mirzo Ulugbek;1;38;3;5;24500
Yakkasaroy;2;59;4;5;53000
Mirzo Ulugbek;1;45;3;5;29500
Mirzo Ulugbek;1;45;3;5;29500
Mirzo Ulugbek;2;60;4;4;51000
Yashnobod;4;94;2;9;58000
Yashnobod;1;34;1;4;25000
Yunusobod;1;28;3;4;26500
Mirzo Ulugbek;1;35;3;4;25500
Mirzo Ulugbek;2;48;5;9;40000
Olmzor;5;96,25;4;4;50000
Yashnobod;3;75;1;4;52000
Yunusobod;2;76,54;2;5;37000
Mirzo Ulugbek;1;35;3;4;26000
Yunusobod;3;70;1;4;85000
Mirobod;2;60;2;6;77000
Olmzor;2;56;5;5;36000
Olmzor;2;56;5;5;36000
Mirzo Ulugbek;2;60;2;4;37500
Shayhontohur;3;48;3;4;37000
Mirzo Ulugbek;3;90;2;9;51000
Uchtepa;3;80;1;9;45500
Olmzor;3;74;1;7;52000
Mirzo Ulugbek;2;60;5;5;40000
Mirzo Ulugbek;3;80;3;5;45000
Mirzo Ulugbek;3;80;3;5;51000
Yunusobod;3;76;1;4;43000
Yunusobod;2;60;4;9;33000
Mirobod;2;88;2;12;70000
Yunusobod;1;25;1;2;17000
Yunusobod;2;40;4;4;35000
Uchtepa;1;33;3;4;23500
Olmzor;1;22;7;9;15500
Yashnobod;2;56;2;2;32000
Mirzo Ulugbek;2;48;1;4;30500
Yakkasaroy;2;60,43;8;9;37000
Olmzor;5;70;4;4;55000
Mirobod;3;88;4;9;45000
Sergeli;2;57,74;2;4;30000
Yunusobod;2;51;4;4;38000
Mirzo Ulugbek;1;38;1;5;28000
Chilonzor;3;78;5;9;60000
Yashnobod;3;15;7;9;50000
Yunusobod;1;32;3;4;16000
Yunusobod;2;50;4;4;43500
Chilonzor;2;57;1;5;35000
Olmzor;4;66,16;1;4;57000
Mirzo Ulugbek;3;70;4;4;48000
Mirzo Ulugbek;2;55;5;5;30000
Chilonzor;2;64;1;4;40000
Yunusobod;4;100;4;9;63000
Yunusobod;2;73;2;8;53000
Yunusobod;2;60;11;13;52000
Yunusobod;5;110;2;5;67000
Yunusobod;3;111;4;9;85000
Yunusobod;2;54;3;4;43000
Yunusobod;2;56;3;4;33500
Olmzor;3;72;3;4;45000
Mirzo Ulugbek;2;46;3;4;33500
Mirzo Ulugbek;2;46;5;5;38000
Uchtepa;4;95;2;5;58000
Chilonzor;3;78;5;9;58000
Mirobod;3;80;1;9;100000
Yashnobod;4;105;6;9;60000
Chilonzor;3;78;5;9;58000
Uchtepa;2;42;4;5;28500
Mirobod;4;95;5;9;85000
Mirzo Ulugbek;2;40;5;5;31500
Yashnobod;2;53,35;3;4;33000
Shayhontohur;1;52;9;9;23000
Uchtepa;2;42,16;1;1;29000
Yashnobod;2;62;7;9;34900
Yakkasaroy;2;55;4;4;37000
Mirzo Ulugbek;4;92;2;5;55000
Mirzo Ulugbek;2;55;3;5;36500
Chilonzor;1;43;4;9;13000
Uchtepa;2;57;5;5;36000
Chilonzor;2;48;4;4;32500
Chilonzor;2;48;4;4;32500
Yunusobod;2;42;9;9;23000
Yakkasaroy;3;67;1;3;70000
Yunusobod;3;73;8;9;50000
Yakkasaroy;1;39;2;5;27000
Yunusobod;2;51;1;4;40500
Yunusobod;3;87;9;12;50000
Mirobod;3;74;4;4;42000
Chilonzor;2;60;2;5;36500
Yunusobod;2;60;5;5;33000
Chilonzor;3;67;1;9;55000
Chilonzor;3;78;5;9;58000
Mirobod;3;77,98;2;4;60000
Yakkasaroy;3;84;11;16;52000
Yunusobod;1;38;4;4;26500
Yashnobod;2;60;4;9;36200
Sergeli;3;78;5;5;42000
Yashnobod;3;58,3;5;5;40000
Shayhontohur;1;57;10;12;24000
Olmzor;2;56;2;4;36000
Mirobod;3;80;7;9;107000
Mirobod;2;45;1;4;34999
Yunusobod;1;38;4;5;24500
Sergeli;1;39;1;5;26000
Chilonzor;3;68;3;4;43000
Yunusobod;2;59;2;4;38000
Mirobod;1;70;7;8;65000
Chilonzor;2;63;5;9;60000
Chilonzor;3;75;1;4;60000
Mirobod;1;18;1;4;10500
Chilonzor;2;47;2;5;35000
Mirobod;4;95;2;4;79000
Mirzo Ulugbek;4;86;3;4;40000
Chilonzor;1;28;3;4;644000
Mirzo Ulugbek;3;75;8;9;41500
Yashnobod;1;34;3;4;17700
Sergeli;3;82;2;9;33000
Mirobod;3;68;8;9;82000
Mirobod;3;68;8;9;82000
Sergeli;2;54;7;7;30554
Mirzo Ulugbek;2;60;4;4;53000
Olmzor;1;42;2;4;27000
Yashnobod;2;60;5;5;48000
Yunusobod;1;42;4;4;22000
Yunusobod;3;76,5;7;9;38000
Yunusobod;2;56;3;5;35000
Chilonzor;3;65;3;5;32000
Shayhontohur;3;56;3;4;45000
Mirobod;3;75;8;9;63000
Mirobod;3;80;3;5;72000
Yashnobod;3;64;4;5;35000
Mirzo Ulugbek;2;55;2;4;45000
Mirzo Ulugbek;3;75;3;4;67000
Mirzo Ulugbek;2;60;1;4;50000
Sergeli;3;57;7;7;50000
Mirzo Ulugbek;2;35;4;4;30000
Uchtepa;1;35;4;5;27000
Yunusobod;3;68;2;4;43500
Uchtepa;2;48;1;4;34500
Chilonzor;3;70;3;4;48000
Uchtepa;1;18;3;4;16000
Mirzo Ulugbek;4;76;3;4;42000
Yunusobod;2;54;2;5;39000
Uchtepa;1;36,64;4;4;24000
Yashnobod;2;82,57;9;9;70000
Mirzo Ulugbek;2;50;4;4;39500
Olmzor;3;70;3;4;42000
Mirobod;4;126;3;4;73000
Shayhontohur;3;70;4;4;48500
Yashnobod;2;48;1;4;31500
Mirzo Ulugbek;2;53;2;4;65000
Sergeli;1;45;5;5;26000
Sergeli;1;45;5;5;26000
Mirzo Ulugbek;2;56,89;2;5;48000
Yakkasaroy;3;70;2;5;80000
Mirzo Ulugbek;3;78;2;9;52000
Mirzo Ulugbek;5;135;1;5;80000
Chilonzor;1;20;5;5;18500
Sergeli;4;100;2;9;38000
Mirzo Ulugbek;2;63;1;9;25000
Shayhontohur;4;84;2;4;95000
Mirzo Ulugbek;2;42;2;9;17500
Mirzo Ulugbek;2;65;1;9;49000
Yashnobod;3;58;2;2;23000
Uchtepa;2;42,16;1;4;29000
Mirzo Ulugbek;3;80;4;5;45000
Mirzo Ulugbek;2;58;4;5;35000
Yunusobod;4;107;5;5;45000
Chilonzor;1;32;3;4;28000
Shayhontohur;3;60;4;4;57000
Yakkasaroy;3;85;16;17;54000
Mirzo Ulugbek;3;70;1;2;60000
Sergeli;3;72;1;9;41000
Yunusobod;2;58;2;4;40000
Yunusobod;3;137;5;9;86000
Yashnobod;3;82;2;9;33000
Olmzor;1;40,52;4;4;23000
Sergeli;4;93;4;9;79000
Yakkasaroy;2;42;4;4;35000
Yunusobod;3;72,86;9;9;45000
Chilonzor;3;70;1;4;49800
Sergeli;4;105;7;9;42000
Mirzo Ulugbek;4;72;2;4;47000
Sergeli;3;85;2;9;100000
Mirzo Ulugbek;2;65;3;9;63999
Sergeli;3;85;2;9;60000
Sergeli;2;45;4;7;30000
Mirobod;1;26;4;5;20000
Olmzor;3;91;3;3;85000
Mirzo Ulugbek;2;50;3;4;28000
Mirzo Ulugbek;3;85;4;4;90000
Yashnobod;3;70;2;4;36500
Mirobod;3;80;4;4;57000
Shayhontohur;1;32;4;5;25000
Shayhontohur;1;27,5;2;4;23000
Yashnobod;1;38;5;5;24500
Yashnobod;2;49;1;4;32000
Shayhontohur;2;64;3;9;40000
Mirzo Ulugbek;1;18;1;4;11000
Chilonzor;1;30;2;4;22914
